filial;codigo_filial;produto;data_venda;cor_produto;total_custo;total_venda;total_desconto;total_qtde_venda;ve1;ve2;ve3;ve4;ve5;ve6;ve7;ve8;ve9;ve10;ve11;ve12;ve13;ve14;ve15;ve16;ve17;ve18;ve19;ve20;ve21;ve22;ve23;ve24;ve25;ve26;ve27;ve28;ve29;ve30;ve31;ve32;ve33;ve34;ve35;ve36;ve37;ve38;ve39;ve40;ve41;ve42;ve43;ve44;ve45;ve46;ve47;ve48;clifor;filial_propria;matriz;regiao;tabela_operacoes;tabela_medidas;tipo_produto;desc_produto;grupo_produto;subgrupo_produto;colecao;grade;linha;griffe;cartela;unidade;revenda;refer_fabricante;modelagem;fabricante;estilista;modelista;periodo_pcp;cor_fabricante;desc_cor_produto;tinturaria_lavagem;margem;preco_medio;porcentagem_valor;porcentagem_qtde;cor;material;cor_material;etiqueta;tipo_lavagem_tinturaria;qtde_troca;valor_troca;desconto_troca;custo_troca;qtde_liquida;valor_liquido;empresa;custo_rep_unitario;custo_rep_total;desc_produto_segmento;desc_produto_solucao;desc_sexo_tipo
GUARULHOS - RSR;000079;07.A1.00B3;15/05/2026;104;66,58;488,00192;-40,00192;1;1;0;0;0;0;0;0;0;0;0;0;0;0;0;0;0;0;0;0;0;0;0;0;0;0;0;0;0;0;0;0;0;0;0;0;0;0;0;0;0;0;0;0;0;0;0;0;0;000079;FALSO;SCARF ME MATRIZ - RSR;SUDESTE;;;LISO;PASHMINA LISA TOQUE DE LA 06/24;PASHMINA;100% ACRILICO;48;70X180;PASHMINA;SCARFME;;PC;FALSO;;;SALETE CAJAMAR;;;PADRAO;;VERDE BANDEIRA;FALSO;86,36;488;0,22;0,13;104;;;;;0;0;0;0;1;488;6;0;0;;;FEMININO
GUARULHOS - RSR;000079;07.A5.01;16/05/2026;05;158,94;1598,00648;-100,00648;1;1;0;0;0;0;0;0;0;0;0;0;0;0;0;0;0;0;0;0;0;0;0;0;0;0;0;0;0;0;0;0;0;0;0;0;0;0;0;0;0;0;0;0;0;0;0;0;0;000079;FALSO;SCARF ME MATRIZ - RSR;SUDESTE;;;FUN;ZARI DUPLA FACE 08/21;PASHMINA;CASHMERE/SEDA;90;75X200;INDIA;SCARFME;;PC;FALSO;;;SALETE CAJAMAR;;;PADRAO;;VERMELHO;FALSO;90,05;1598,01;0,73;0,13;05;;;;;0;0;0;0;1;1598,01;6;0;0;;;FEMININO
GUARULHOS - RSR;000079;07.A5.01;16/05/2026;31;158,94;1498;0;1;1;0;0;0;0;0;0;0;0;0;0;0;0;0;0;0;0;0;0;0;0;0;0;0;0;0;0;0;0;0;0;0;0;0;0;0;0;0;0;0;0;0;0;0;0;0;0;0;000079;FALSO;SCARF ME MATRIZ - RSR;SUDESTE;;;FUN;ZARI DUPLA FACE 08/21;PASHMINA;CASHMERE/SEDA;90;75X200;INDIA;SCARFME;;PC;FALSO;;;SALETE CAJAMAR;;;PADRAO;;MOSTARDA;FALSO;89,39;1498;0,69;0,13;31;;;;;0;0;0;0;1;1498;6;0;0;;;FEMININO
GUARULHOS - RSR;000079;13.46.0067;16/05/2026;C6;33,32;378;0;1;1;0;0;0;0;0;0;0;0;0;0;0;0;0;0;0;0;0;0;0;0;0;0;0;0;0;0;0;0;0;0;0;0;0;0;0;0;0;0;0;0;0;0;0;0;0;0;0;000079;FALSO;SCARF ME MATRIZ - RSR;SUDESTE;;;BICHO;BRASIL ANIMAL PRINT 22;LENÇO;CETIM DE POLIESTER;M6;90X90;LENÇOS;SCARFME;;PC;FALSO;;;SALETE CAJAMAR;;;PADRAO;;AZUL/AMARELO;FALSO;91,19;378;0,17;0,13;C6;;;;;0;0;0;0;1;378;6;0;0;;;FEMININO
GUARULHOS - RSR;000079;13.46.0068;16/05/2026;C6;10,47;148;0;1;1;0;0;0;0;0;0;0;0;0;0;0;0;0;0;0;0;0;0;0;0;0;0;0;0;0;0;0;0;0;0;0;0;0;0;0;0;0;0;0;0;0;0;0;0;0;0;0;000079;FALSO;SCARF ME MATRIZ - RSR;SUDESTE;;;ANIMAL PRINT;BRASIL ANIMAL PRINT 22;LENÇO;CETIM DE POLIESTER;M6;50X50;APROVEITAMENTO LENÇO;SCARFME;;PC;FALSO;;;SALETE CAJAMAR;;;PADRAO;;AZUL/AMARELO;FALSO;92,93;148;0,07;0,13;C6;;;;;0;0;0;0;1;148;6;0;0;;;FEMININO
GUARULHOS - RSR;000079;13.46.0068;17/05/2026;C6;10,47;92,73384;55,26616;1;1;0;0;0;0;0;0;0;0;0;0;0;0;0;0;0;0;0;0;0;0;0;0;0;0;0;0;0;0;0;0;0;0;0;0;0;0;0;0;0;0;0;0;0;0;0;0;0;000079;FALSO;SCARF ME MATRIZ - RSR;SUDESTE;;;ANIMAL PRINT;BRASIL ANIMAL PRINT 22;LENÇO;CETIM DE POLIESTER;M6;50X50;APROVEITAMENTO LENÇO;SCARFME;;PC;FALSO;;;SALETE CAJAMAR;;;PADRAO;;AZUL/AMARELO;FALSO;88,71;92,73;0,04;0,13;C6;;;;;0;0;0;0;1;92,73;6;0;0;;;FEMININO
GUARULHOS - RSR;000079;13.46.0117;16/05/2026;M3;33,32;321,00138;56,99862;1;1;0;0;0;0;0;0;0;0;0;0;0;0;0;0;0;0;0;0;0;0;0;0;0;0;0;0;0;0;0;0;0;0;0;0;0;0;0;0;0;0;0;0;0;0;0;0;0;000079;FALSO;SCARF ME MATRIZ - RSR;SUDESTE;;;FLORAL;FLOR FLAMINGO 02/23;LENÇO;CETIM DE POLIESTER;O3;90X90;LENÇOS;SCARFME;;PC;FALSO;;;SALETE CAJAMAR;;;PADRAO;;LAVANDA;FALSO;89,62;321;0,15;0,13;M3;;;;;0;0;0;0;1;321;6;0;0;;;FEMININO
GUARULHOS - RSR;000079;13.46.0142;15/05/2026;10;33,32;378;0;1;1;0;0;0;0;0;0;0;0;0;0;0;0;0;0;0;0;0;0;0;0;0;0;0;0;0;0;0;0;0;0;0;0;0;0;0;0;0;0;0;0;0;0;0;0;0;0;0;000079;FALSO;SCARF ME MATRIZ - RSR;SUDESTE;;;INDIGENA;AMAZÔNIA INDÍGENA 05/23;LENÇO;CETIM DE POLIESTER;O8;90X90;LENÇOS;SCARFME;;PC;FALSO;;;SALETE CAJAMAR;;;PADRAO;;MULTICOLOR;FALSO;91,19;378;0,17;0,13;10;;;;;0;0;0;0;1;378;6;0;0;;;FEMININO
GUARULHOS - RSR;000079;13.46.0147;16/05/2026;U9;33,32;367,99812;10,00188;1;1;0;0;0;0;0;0;0;0;0;0;0;0;0;0;0;0;0;0;0;0;0;0;0;0;0;0;0;0;0;0;0;0;0;0;0;0;0;0;0;0;0;0;0;0;0;0;0;000079;FALSO;SCARF ME MATRIZ - RSR;SUDESTE;;;FLORAL;RAMOS DE PURPURA 06/23;LENÇO;CETIM DE POLIESTER;O9;90X90;LENÇOS;SCARFME;;PC;FALSO;;;SALETE CAJAMAR;;;PADRAO;;PINK/ROXO;FALSO;90,95;368;0,17;0,13;U9;;;;;0;0;0;0;1;368;6;0;0;;;FEMININO
GUARULHOS - RSR;000079;13.46.0168;17/05/2026;10;33,32;299,00178;78,99822;1;1;0;0;0;0;0;0;0;0;0;0;0;0;0;0;0;0;0;0;0;0;0;0;0;0;0;0;0;0;0;0;0;0;0;0;0;0;0;0;0;0;0;0;0;0;0;0;0;000079;FALSO;SCARF ME MATRIZ - RSR;SUDESTE;;;BICHO;PAVAO 07/23;LENÇO;CETIM DE POLIESTER;P3;90X90;LENÇOS;SCARFME;;PC;FALSO;;;SALETE CAJAMAR;;;PADRAO;;MULTICOLOR;FALSO;88,86;299;0,14;0,13;10;;;;;0;0;0;0;1;299;6;0;0;;;FEMININO
GUARULHOS - RSR;000079;13.46.0178;15/05/2026;04;33,32;378;0;1;1;0;0;0;0;0;0;0;0;0;0;0;0;0;0;0;0;0;0;0;0;0;0;0;0;0;0;0;0;0;0;0;0;0;0;0;0;0;0;0;0;0;0;0;0;0;0;0;000079;FALSO;SCARF ME MATRIZ - RSR;SUDESTE;;;FOLHAGEM;FOLHAGEM AMAZONIA 08/23;LENÇO;CETIM DE POLIESTER;Q1;90X90;LENÇOS;SCARFME;;PC;FALSO;;;SALETE CAJAMAR;;;PADRAO;;VERDE;FALSO;91,19;378;0,17;0,13;04;;;;;0;0;0;0;1;378;6;0;0;;;FEMININO
GUARULHOS - RSR;000079;13.46.0178;17/05/2026;04;33,32;299,00178;78,99822;1;1;0;0;0;0;0;0;0;0;0;0;0;0;0;0;0;0;0;0;0;0;0;0;0;0;0;0;0;0;0;0;0;0;0;0;0;0;0;0;0;0;0;0;0;0;0;0;0;000079;FALSO;SCARF ME MATRIZ - RSR;SUDESTE;;;FOLHAGEM;FOLHAGEM AMAZONIA 08/23;LENÇO;CETIM DE POLIESTER;Q1;90X90;LENÇOS;SCARFME;;PC;FALSO;;;SALETE CAJAMAR;;;PADRAO;;VERDE;FALSO;88,86;299;0,14;0,13;04;;;;;0;0;0;0;1;299;6;0;0;;;FEMININO
GUARULHOS - RSR;000079;13.46.0340;17/05/2026;107;33,32;378;0;1;1;0;0;0;0;0;0;0;0;0;0;0;0;0;0;0;0;0;0;0;0;0;0;0;0;0;0;0;0;0;0;0;0;0;0;0;0;0;0;0;0;0;0;0;0;0;0;0;000079;FALSO;SCARF ME MATRIZ - RSR;SUDESTE;;;FLORAL;FLOR DE PODER 03/25;LENÇO;CETIM DE POLIESTER;U4;90X90;LENÇOS;SCARFME;;PC;FALSO;;;SALETE CAJAMAR;;;PADRAO;;PRETO/OFF WHITE;FALSO;91,19;378;0,17;0,13;107;;;;;0;0;0;0;1;378;6;0;0;;;FEMININO
GUARULHOS - RSR;000079;13.46.0355;15/05/2026;05;19,54;268;0;1;1;0;0;0;0;0;0;0;0;0;0;0;0;0;0;0;0;0;0;0;0;0;0;0;0;0;0;0;0;0;0;0;0;0;0;0;0;0;0;0;0;0;0;0;0;0;0;0;000079;FALSO;SCARF ME MATRIZ - RSR;SUDESTE;;;GRAVURA;AUTORRETRATO 04/25;LENÇO;CETIM DE POLIESTER;U7;70X70;LENÇOS;SCARFME;;PC;FALSO;;;SALETE CAJAMAR;;;PADRAO;;VERMELHO;FALSO;92,71;268;0,12;0,13;05;;;;;0;0;0;0;1;268;6;0;0;;;FEMININO
GUARULHOS - RSR;000079;13.46.0391;16/05/2026;08;33,32;398;0;1;1;0;0;0;0;0;0;0;0;0;0;0;0;0;0;0;0;0;0;0;0;0;0;0;0;0;0;0;0;0;0;0;0;0;0;0;0;0;0;0;0;0;0;0;0;0;0;0;000079;FALSO;SCARF ME MATRIZ - RSR;SUDESTE;;;FLORAL;BRUMA LEVE 02/25;LENÇO;CETIM DE POLIESTER;Q6;90X90;LENÇOS;SCARFME;;PC;FALSO;;;SALETE CAJAMAR;;;PADRAO;;ROSA;FALSO;91,63;398;0,18;0,13;08;;;;;0;0;0;0;1;398;6;0;0;;;FEMININO
GUARULHOS - RSR;000079;13.46.0393;17/05/2026;11;10,58;105,26544;62,73456;1;1;0;0;0;0;0;0;0;0;0;0;0;0;0;0;0;0;0;0;0;0;0;0;0;0;0;0;0;0;0;0;0;0;0;0;0;0;0;0;0;0;0;0;0;0;0;0;0;000079;FALSO;SCARF ME MATRIZ - RSR;SUDESTE;;;FLORAL;IMAGINARIO SOLAR 05/25;LENÇO;CETIM DE POLIESTER;Q6;50X50;APROVEITAMENTO LENÇO;SCARFME;;PC;FALSO;;;SALETE CAJAMAR;;;PADRAO;;LARANJA;FALSO;89,95;105,27;0,05;0,13;11;;;;;0;0;0;0;1;105,27;6;0;0;;;FEMININO
GUARULHOS - RSR;000079;13.46.139;15/05/2026;10;10,47;99,00016;48,99984;1;1;0;0;0;0;0;0;0;0;0;0;0;0;0;0;0;0;0;0;0;0;0;0;0;0;0;0;0;0;0;0;0;0;0;0;0;0;0;0;0;0;0;0;0;0;0;0;0;000079;FALSO;SCARF ME MATRIZ - RSR;SUDESTE;;;PAISAGEM;PAISAGEM AMAZONIA 12/19;LENÇO;CETIM DE POLIESTER;C9;50X50;APROVEITAMENTO LENÇO;SCARFME;;PC;VERDADEIRO;68147_VAR600;;SALETE CAJAMAR;;;PADRAO;;MULTICOLOR;FALSO;89,42;99;0,05;0,13;10;;;;;0;0;0;0;1;99;6;0;0;;;FEMININO
GUARULHOS - RSR;000079;13.46.155;15/05/2026;04;10,47;148;0;1;1;0;0;0;0;0;0;0;0;0;0;0;0;0;0;0;0;0;0;0;0;0;0;0;0;0;0;0;0;0;0;0;0;0;0;0;0;0;0;0;0;0;0;0;0;0;0;0;000079;FALSO;SCARF ME MATRIZ - RSR;SUDESTE;;;FOLHAGEM;FOLHAGEM AMAZONIA 12/19;LENÇO;CETIM DE POLIESTER;C9;50X50;APROVEITAMENTO LENÇO;SCARFME;;PC;VERDADEIRO;68323_VAR600;;SALETE CAJAMAR;;;PADRAO;;VERDE;FALSO;92,93;148;0,07;0,13;04;;;;;0;0;0;0;1;148;6;0;0;;;FEMININO
GUARULHOS - RSR;000079;13.46.96;15/05/2026;10;10,47;99,00016;48,99984;1;1;0;0;0;0;0;0;0;0;0;0;0;0;0;0;0;0;0;0;0;0;0;0;0;0;0;0;0;0;0;0;0;0;0;0;0;0;0;0;0;0;0;0;0;0;0;0;0;000079;FALSO;SCARF ME MATRIZ - RSR;SUDESTE;;;PENAS;COCAR 12/19;LENÇO;CETIM DE POLIESTER;C9;50X50;APROVEITAMENTO LENÇO;SCARFME;;PC;VERDADEIRO;68071_VAR600;;SALETE CAJAMAR;;;PADRAO;;MULTICOLOR;FALSO;89,42;99;0,05;0,13;10;;;;;0;0;0;0;1;99;6;0;0;;;FEMININO
GUARULHOS - RSR;000079;13.47.0097;15/05/2026;05;118,08;808,00244;89,99756;1;1;0;0;0;0;0;0;0;0;0;0;0;0;0;0;0;0;0;0;0;0;0;0;0;0;0;0;0;0;0;0;0;0;0;0;0;0;0;0;0;0;0;0;0;0;0;0;0;000079;FALSO;SCARF ME MATRIZ - RSR;SUDESTE;;;FLORAL;MATA ATLANTICA C12/23;LENÇO;MOUSSELINE DE SEDA;O8;130X130;LENÇOS;SCARFME;;PC;FALSO;;;CHINA;;;PADRAO;;VERMELHO;FALSO;85,39;808;0,37;0,13;05;;;;;0;0;0;0;1;808;6;0;0;;;FEMININO
GUARULHOS - RSR;000079;13.47.0161;16/05/2026;09;119,24;1287,99846;108,00154;2;2;0;0;0;0;0;0;0;0;0;0;0;0;0;0;0;0;0;0;0;0;0;0;0;0;0;0;0;0;0;0;0;0;0;0;0;0;0;0;0;0;0;0;0;0;0;0;0;000079;FALSO;SCARF ME MATRIZ - RSR;SUDESTE;;;ABSTRATO;BOSQUE C 11/25;LENÇO;CETIM DE SEDA;X7;65X65;LENÇOS;SCARFME;;PC;FALSO;RG25148;;CHINA;;;PADRAO;;MARROM;FALSO;90,74;644;0,59;0,26;09;;;;;0;0;0;0;2;1288;6;0;0;;;FEMININO
GUARULHOS - RSR;000079;13.47.0166;15/05/2026;10;111,36;950,00318;-52,00318;1;1;0;0;0;0;0;0;0;0;0;0;0;0;0;0;0;0;0;0;0;0;0;0;0;0;0;0;0;0;0;0;0;0;0;0;0;0;0;0;0;0;0;0;0;0;0;0;0;000079;FALSO;SCARF ME MATRIZ - RSR;SUDESTE;;;BICHO;PANTANAL C 01/26;LENÇO;MOUSSELINE DE SEDA;O8;130X130;LENÇOS;SCARFME;;PC;FALSO;;;SALETE CAJAMAR;;;PADRAO;;MULTICOLOR;FALSO;88,28;950;0,43;0,13;10;;;;;0;0;0;0;1;950;6;0;0;;;FEMININO
GUARULHOS - RSR;000079;13.47.0174;16/05/2026;04;96,21;778,00212;19,99788;1;1;0;0;0;0;0;0;0;0;0;0;0;0;0;0;0;0;0;0;0;0;0;0;0;0;0;0;0;0;0;0;0;0;0;0;0;0;0;0;0;0;0;0;0;0;0;0;0;000079;FALSO;SCARF ME MATRIZ - RSR;SUDESTE;;;ABSTRATO;ORIENTAL ASTRID C 01/26;LENÇO;MOUSSELINE DE SEDA;X15;60X210;LENÇOS;SCARFME;;PC;FALSO;TH25175;;CHINA;;;PADRAO;;VERDE;FALSO;87,63;778;0,36;0,13;04;;;;;0;0;0;0;1;778;6;0;0;;;FEMININO
GUARULHOS - RSR;000079;13.47.0176;15/05/2026;13;118,08;950,00318;-52,00318;1;1;0;0;0;0;0;0;0;0;0;0;0;0;0;0;0;0;0;0;0;0;0;0;0;0;0;0;0;0;0;0;0;0;0;0;0;0;0;0;0;0;0;0;0;0;0;0;0;000079;FALSO;SCARF ME MATRIZ - RSR;SUDESTE;;;BICHO;AMALIA C 05/26;LENÇO;MOUSSELINE DE SEDA;E9;130X130;LENÇOS;SCARFME;;PC;FALSO;;;CHINA;;;PADRAO;;OFF WHITE;FALSO;87,57;950;0,43;0,13;13;;;;;0;0;0;0;1;950;6;0;0;;;FEMININO
GUARULHOS - RSR;000079;13.67.0092;15/05/2026;10;44,9;240,00196;157,99804;1;1;0;0;0;0;0;0;0;0;0;0;0;0;0;0;0;0;0;0;0;0;0;0;0;0;0;0;0;0;0;0;0;0;0;0;0;0;0;0;0;0;0;0;0;0;0;0;0;000079;FALSO;SCARF ME MATRIZ - RSR;SUDESTE;;;BICHO;ARARA AZUL 07/23;LENÇO;MOUSSELINE DE POLIESTER;P3;130X130;LENÇOS;SCARFME;;PC;FALSO;;;SALETE CAJAMAR;;;PADRAO;;MULTICOLOR;FALSO;81,29;240;0,11;0,13;10;;;;;0;0;0;0;1;240;6;0;0;;;FEMININO
GUARULHOS - RSR;000079;13.67.0094;16/05/2026;10;66,88;277,99902;120,00098;1;1;0;0;0;0;0;0;0;0;0;0;0;0;0;0;0;0;0;0;0;0;0;0;0;0;0;0;0;0;0;0;0;0;0;0;0;0;0;0;0;0;0;0;0;0;0;0;0;000079;FALSO;SCARF ME MATRIZ - RSR;SUDESTE;;;PAISAGEM;PAISAGEM AMAZONIA 07/23;LENÇO;MOUSSELINE DE POLIESTER;P3;130X130;LENÇOS;SCARFME;;PC;FALSO;;;SALETE CAJAMAR;;;PADRAO;;MULTICOLOR;FALSO;75,94;278;0,13;0,13;10;;;;;0;0;0;0;1;278;6;0;0;;;FEMININO
GUARULHOS - RSR;000079;13.67.0096;17/05/2026;10;44,91;277,99902;120,00098;1;1;0;0;0;0;0;0;0;0;0;0;0;0;0;0;0;0;0;0;0;0;0;0;0;0;0;0;0;0;0;0;0;0;0;0;0;0;0;0;0;0;0;0;0;0;0;0;0;000079;FALSO;SCARF ME MATRIZ - RSR;SUDESTE;;;PAISAGEM;COPACABANA 07/23;LENÇO;MOUSSELINE DE POLIESTER;P3;130X130;LENÇOS;SCARFME;;PC;FALSO;;;SALETE CAJAMAR;;;PADRAO;;MULTICOLOR;FALSO;83,85;278;0,13;0,13;10;;;;;0;0;0;0;1;278;6;0;0;;;FEMININO
GUARULHOS - RSR;000079;13.71.0243;16/05/2026;10;9,23;93,06594;5,93406;1;1;0;0;0;0;0;0;0;0;0;0;0;0;0;0;0;0;0;0;0;0;0;0;0;0;0;0;0;0;0;0;0;0;0;0;0;0;0;0;0;0;0;0;0;0;0;0;0;000079;FALSO;SCARF ME MATRIZ - RSR;SUDESTE;;;FOLHAGEM;BASTIDOR 08/23;LENÇO;CETIM DE SEDA;Q2;40X40;DESCONTINUADO;SCARFME;;PC;FALSO;;;SALETE CAJAMAR;;;PADRAO;;MULTICOLOR;FALSO;90,08;93,07;0,04;0,13;10;;;;;0;0;0;0;1;93,07;6;0;0;;;FEMININO
GUARULHOS - RSR;000079;13.71.0393;16/05/2026;03;61,32;558,4;139,6;1;1;0;0;0;0;0;0;0;0;0;0;0;0;0;0;0;0;0;0;0;0;0;0;0;0;0;0;0;0;0;0;0;0;0;0;0;0;0;0;0;0;0;0;0;0;0;0;0;000079;FALSO;SCARF ME MATRIZ - RSR;SUDESTE;;;FLORAL;GRAND MOSQUE C 08/24;LENÇO;CETIM DE SEDA;E9;65X65;LENÇOS;SCARFME;;PC;FALSO;HE23035-65;;CHINA;;;PADRAO;;AZUL;FALSO;89,02;558,4;0,26;0,13;03;;;;;0;0;0;0;1;558,4;6;0;0;;;FEMININO
GUARULHOS - RSR;000079;13.71.0435;15/05/2026;C6;119,34;881,51272;16,48728;1;1;0;0;0;0;0;0;0;0;0;0;0;0;0;0;0;0;0;0;0;0;0;0;0;0;0;0;0;0;0;0;0;0;0;0;0;0;0;0;0;0;0;0;0;0;0;0;0;000079;FALSO;SCARF ME MATRIZ - RSR;SUDESTE;;;TROPICAL;BRASIL TROPICAL C 11/24;LENÇO;CETIM DE SEDA;P8;90X90;LENÇOS;SCARFME;;PC;FALSO;HE22009;;CHINA;;;PADRAO;;AZUL/AMARELO;FALSO;86,46;881,51;0,4;0,13;C6;;;;;0;0;0;0;1;881,51;6;0;0;;;
GUARULHOS - RSR;000079;13.71.0435;17/05/2026;C6;119,34;718,4;179,6;1;1;0;0;0;0;0;0;0;0;0;0;0;0;0;0;0;0;0;0;0;0;0;0;0;0;0;0;0;0;0;0;0;0;0;0;0;0;0;0;0;0;0;0;0;0;0;0;0;000079;FALSO;SCARF ME MATRIZ - RSR;SUDESTE;;;TROPICAL;BRASIL TROPICAL C 11/24;LENÇO;CETIM DE SEDA;P8;90X90;LENÇOS;SCARFME;;PC;FALSO;HE22009;;CHINA;;;PADRAO;;AZUL/AMARELO;FALSO;83,39;718,4;0,33;0,13;C6;;;;;0;0;0;0;1;718,4;6;0;0;;;
GUARULHOS - RSR;000079;13.71.0454;16/05/2026;40;74,53;737,26184;130,73816;1;1;0;0;0;0;0;0;0;0;0;0;0;0;0;0;0;0;0;0;0;0;0;0;0;0;0;0;0;0;0;0;0;0;0;0;0;0;0;0;0;0;0;0;0;0;0;0;0;000079;FALSO;SCARF ME MATRIZ - RSR;SUDESTE;;;GEOMETRICO;FORMAS MODULAR C 11/24;LENÇO;CETIM DE SEDA;R7;90X90;LENÇOS;SCARFME;;PC;FALSO;CJ24052;;SALETE CAJAMAR;;;PADRAO;;MARINHO;FALSO;89,89;737,26;0,34;0,13;40;;;;;0;0;0;0;1;737,26;6;0;0;;;FEMININO
GUARULHOS - RSR;000079;13.71.0538;16/05/2026;151;9,79;141,8373;56,1627;1;1;0;0;0;0;0;0;0;0;0;0;0;0;0;0;0;0;0;0;0;0;0;0;0;0;0;0;0;0;0;0;0;0;0;0;0;0;0;0;0;0;0;0;0;0;0;0;0;000079;FALSO;SCARF ME MATRIZ - RSR;SUDESTE;;;BICHO;JAGUATIRICA DO CERRADO 05/25;LENÇO;CETIM DE SEDA;U3;40X40;APROVEITAMENTO LENÇO;SCARFME;;PC;FALSO;;;SALETE CAJAMAR;;;PADRAO;;MOCHA;FALSO;93,1;141,84;0,06;0,13;151;;;;;0;0;0;0;1;141,84;6;0;0;;;FEMININO
GUARULHOS - RSR;000079;13.71.0543;16/05/2026;03;9,79;156,1643;61,8357;1;1;0;0;0;0;0;0;0;0;0;0;0;0;0;0;0;0;0;0;0;0;0;0;0;0;0;0;0;0;0;0;0;0;0;0;0;0;0;0;0;0;0;0;0;0;0;0;0;000079;FALSO;SCARF ME MATRIZ - RSR;SUDESTE;;;FOLHAGEM;SELVA NOTURNA 08/25;LENÇO;CETIM DE SEDA;Q6;40X40;APROVEITAMENTO LENÇO;SCARFME;;PC;FALSO;;;SALETE CAJAMAR;;;PADRAO;;AZUL;FALSO;93,73;156,16;0,07;0,13;03;;;;;0;0;0;0;1;156,16;6;0;0;;;FEMININO
GUARULHOS - RSR;000079;13.71.0597;15/05/2026;C9;8,13;198;0;1;1;0;0;0;0;0;0;0;0;0;0;0;0;0;0;0;0;0;0;0;0;0;0;0;0;0;0;0;0;0;0;0;0;0;0;0;0;0;0;0;0;0;0;0;0;0;0;0;000079;FALSO;SCARF ME MATRIZ - RSR;SUDESTE;;;CORRENTE ELOS;GOLD CHAINS 07/25;TWILLY;CETIM DE SEDA;U3;8X130;APROVEITAMENTO LENÇO;SCARFME;;PC;FALSO;;;SALETE CAJAMAR;;;PADRAO;;AZUL MARINHO;FALSO;95,89;198;0,09;0,13;C9;;;;;0;0;0;0;1;198;6;0;0;;;FEMININO
GUARULHOS - RSR;000079;13.71.0602;15/05/2026;08;61,32;597,99754;100,00246;1;1;0;0;0;0;0;0;0;0;0;0;0;0;0;0;0;0;0;0;0;0;0;0;0;0;0;0;0;0;0;0;0;0;0;0;0;0;0;0;0;0;0;0;0;0;0;0;0;000079;FALSO;SCARF ME MATRIZ - RSR;SUDESTE;;;FUN;A BONECA C 1928 08/25;LENÇO;CETIM DE SEDA;U7;65X65;LENÇOS;SCARFME;;PC;FALSO;TH25068;;CHINA;;;PADRAO;;ROSA;FALSO;89,75;598;0,27;0,13;08;;;;;0;0;0;0;1;598;6;0;0;;;FEMININO
GUARULHOS - RSR;000079;13.71.0602;16/05/2026;08;61,32;600,0008;97,9992;1;1;0;0;0;0;0;0;0;0;0;0;0;0;0;0;0;0;0;0;0;0;0;0;0;0;0;0;0;0;0;0;0;0;0;0;0;0;0;0;0;0;0;0;0;0;0;0;0;000079;FALSO;SCARF ME MATRIZ - RSR;SUDESTE;;;FUN;A BONECA C 1928 08/25;LENÇO;CETIM DE SEDA;U7;65X65;LENÇOS;SCARFME;;PC;FALSO;TH25068;;CHINA;;;PADRAO;;ROSA;FALSO;89,78;600;0,27;0,13;08;;;;;0;0;0;0;1;600;6;0;0;;;FEMININO
GUARULHOS - RSR;000079;13.71.0618;15/05/2026;41;154,34;1176,00472;21,99528;1;1;0;0;0;0;0;0;0;0;0;0;0;0;0;0;0;0;0;0;0;0;0;0;0;0;0;0;0;0;0;0;0;0;0;0;0;0;0;0;0;0;0;0;0;0;0;0;0;000079;FALSO;SCARF ME MATRIZ - RSR;SUDESTE;;;BICHO;OLHAR DA MATA C 12/25;LENÇO;CETIM DE SEDA;V9;110X110;LENÇOS;SCARFME;;PC;FALSO;CJ25134;;SALETE CAJAMAR;;;PADRAO;;CARAMELO;FALSO;86,88;1176;0,54;0,13;41;;;;;0;0;0;0;1;1176;6;0;0;;;FEMININO
GUARULHOS - RSR;000079;13.71.0619;15/05/2026;C3;150,94;1274,16872;23,83128;1;1;0;0;0;0;0;0;0;0;0;0;0;0;0;0;0;0;0;0;0;0;0;0;0;0;0;0;0;0;0;0;0;0;0;0;0;0;0;0;0;0;0;0;0;0;0;0;0;000079;FALSO;SCARF ME MATRIZ - RSR;SUDESTE;;;INDIGENA;PANTANAL C 12/25;LENÇO;CETIM DE SEDA;O8;110X110;LENÇOS;SCARFME;;PC;FALSO;HE22001PR;;CHINA;;;PADRAO;;VERDE/LARANJA;FALSO;88,15;1274,17;0,58;0,13;C3;;;;;0;0;0;0;1;1274,17;6;0;0;;;FEMININO
GUARULHOS - RSR;000079;13.71.0634;16/05/2026;03;121,28;762,74324;135,25676;1;1;0;0;0;0;0;0;0;0;0;0;0;0;0;0;0;0;0;0;0;0;0;0;0;0;0;0;0;0;0;0;0;0;0;0;0;0;0;0;0;0;0;0;0;0;0;0;0;000079;FALSO;SCARF ME MATRIZ - RSR;SUDESTE;;;ABSTRATO;ALGODAO DOCE C 11/25;LENÇO;CETIM DE SEDA;X7;90X90;LENÇOS;SCARFME;;PC;FALSO;TH25131;;CHINA;;;PADRAO;;AZUL;FALSO;84,1;762,74;0,35;0,13;03;;;;;0;0;0;0;1;762,74;6;0;0;;;FEMININO
GUARULHOS - RSR;000079;13.71.0648;17/05/2026;110;44,33;198;0;1;1;0;0;0;0;0;0;0;0;0;0;0;0;0;0;0;0;0;0;0;0;0;0;0;0;0;0;0;0;0;0;0;0;0;0;0;0;0;0;0;0;0;0;0;0;0;0;0;000079;FALSO;SCARF ME MATRIZ - RSR;SUDESTE;;;MOSAICO;AMAZONIA C 01/26;LENÇO;CETIM DE SEDA;O8;40X40;APROVEITAMENTO LENÇO;SCARFME;;PC;VERDADEIRO;HE22040;;SALETE CAJAMAR;;;PADRAO;;AZUL/LARANJA;FALSO;77,61;198;0,09;0,13;110;;;;;0;0;0;0;1;198;6;0;0;;;FEMININO
GUARULHOS - RSR;000079;13.71.0659;15/05/2026;10;119,34;898;0;1;1;0;0;0;0;0;0;0;0;0;0;0;0;0;0;0;0;0;0;0;0;0;0;0;0;0;0;0;0;0;0;0;0;0;0;0;0;0;0;0;0;0;0;0;0;0;0;0;000079;FALSO;SCARF ME MATRIZ - RSR;SUDESTE;;;ABSTRATO;DESENCAIXE C 10/25;LENÇO;CETIM DE SEDA;V6;90X90;LENÇOS;SCARFME;;PC;FALSO;CJ25242;;CHINA;;;PADRAO;;MULTICOLOR;FALSO;86,71;898;0,41;0,13;10;;;;;0;0;0;0;1;898;6;0;0;;;FEMININO
GUARULHOS - RSR;000079;13.71.0660;16/05/2026;03;119,34;647,06288;250,93712;1;1;0;0;0;0;0;0;0;0;0;0;0;0;0;0;0;0;0;0;0;0;0;0;0;0;0;0;0;0;0;0;0;0;0;0;0;0;0;0;0;0;0;0;0;0;0;0;0;000079;FALSO;SCARF ME MATRIZ - RSR;SUDESTE;;;GEOMETRICO;7 CAVALOS C 04/26;LENÇO;CETIM DE SEDA;X10;90X90;LENÇOS;SCARFME;;PC;FALSO;CJ25269;;CHINA;;;PADRAO;;AZUL;FALSO;81,56;647,06;0,3;0,13;03;;;;;0;0;0;0;1;647,06;6;0;0;;;FEMININO
GUARULHOS - RSR;000079;13.71.0679;16/05/2026;13;146,72;998;0;1;1;0;0;0;0;0;0;0;0;0;0;0;0;0;0;0;0;0;0;0;0;0;0;0;0;0;0;0;0;0;0;0;0;0;0;0;0;0;0;0;0;0;0;0;0;0;0;0;000079;FALSO;SCARF ME MATRIZ - RSR;SUDESTE;;;FLORAL;SOLARIO C 01/26;LENÇO;LÃ;X6;110X110;LENÇOS;SCARFME;;PC;FALSO;AM25215-V2;;CHINA;;;PADRAO;;OFF WHITE;FALSO;85,3;998;0,46;0,13;13;;;;;0;0;0;0;1;998;6;0;0;;;FEMININO
GUARULHOS - RSR;000079;13.71.0689;15/05/2026;03;111,28;881,51272;16,48728;1;1;0;0;0;0;0;0;0;0;0;0;0;0;0;0;0;0;0;0;0;0;0;0;0;0;0;0;0;0;0;0;0;0;0;0;0;0;0;0;0;0;0;0;0;0;0;0;0;000079;FALSO;SCARF ME MATRIZ - RSR;SUDESTE;;;BICHO;MAPA DO BRASIL C 04/26;LENÇO;CETIM DE SEDA;Y1;90X90;LENÇOS;SCARFME;;PC;FALSO;;;CHINA;;;PADRAO;;AZUL;FALSO;87,38;881,51;0,4;0,13;03;;;;;0;0;0;0;1;881,51;6;0;0;;;FEMININO
GUARULHOS - RSR;000079;13.71.0690;16/05/2026;47;111,28;647,06288;250,93712;1;1;0;0;0;0;0;0;0;0;0;0;0;0;0;0;0;0;0;0;0;0;0;0;0;0;0;0;0;0;0;0;0;0;0;0;0;0;0;0;0;0;0;0;0;0;0;0;0;000079;FALSO;SCARF ME MATRIZ - RSR;SUDESTE;;;FLORAL;DRACENA C 04/26;LENÇO;CETIM DE SEDA;X7;90X90;LENÇOS;SCARFME;;PC;FALSO;;;CHINA;;;PADRAO;;PINK;FALSO;82,8;647,06;0,3;0,13;47;;;;;0;0;0;0;1;647,06;6;0;0;;;FEMININO
GUARULHOS - RSR;000079;13.71.0691;15/05/2026;47;46,18;218;0;1;1;0;0;0;0;0;0;0;0;0;0;0;0;0;0;0;0;0;0;0;0;0;0;0;0;0;0;0;0;0;0;0;0;0;0;0;0;0;0;0;0;0;0;0;0;0;0;0;000079;FALSO;SCARF ME MATRIZ - RSR;SUDESTE;;;BICHO;DRACENA C 04/26;TWILLY;CETIM DE SEDA;X7;8X130;APROVEITAMENTO LENÇO;SCARFME;;PC;FALSO;;;CHINA;;;PADRAO;;PINK;FALSO;78,82;218;0,1;0,13;47;;;;;0;0;0;0;1;218;6;0;0;;;FEMININO
GUARULHOS - RSR;000079;13.71.0691;16/05/2026;47;46,18;218;0;1;1;0;0;0;0;0;0;0;0;0;0;0;0;0;0;0;0;0;0;0;0;0;0;0;0;0;0;0;0;0;0;0;0;0;0;0;0;0;0;0;0;0;0;0;0;0;0;0;000079;FALSO;SCARF ME MATRIZ - RSR;SUDESTE;;;BICHO;DRACENA C 04/26;TWILLY;CETIM DE SEDA;X7;8X130;APROVEITAMENTO LENÇO;SCARFME;;PC;FALSO;;;CHINA;;;PADRAO;;PINK;FALSO;78,82;218;0,1;0,13;47;;;;;0;0;0;0;1;218;6;0;0;;;FEMININO
GUARULHOS - RSR;000079;13.71.0694;15/05/2026;08;111,28;881,51272;16,48728;1;1;0;0;0;0;0;0;0;0;0;0;0;0;0;0;0;0;0;0;0;0;0;0;0;0;0;0;0;0;0;0;0;0;0;0;0;0;0;0;0;0;0;0;0;0;0;0;0;000079;FALSO;SCARF ME MATRIZ - RSR;SUDESTE;;;BICHO;BRASILIDADE C 04/26;LENÇO;CETIM DE SEDA;Y1;90X90;LENÇOS;SCARFME;;PC;FALSO;;;CHINA;;;PADRAO;;ROSA;FALSO;87,38;881,51;0,4;0,13;08;;;;;0;0;0;0;1;881,51;6;0;0;;;FEMININO
GUARULHOS - RSR;000079;13.71.0696;17/05/2026;13;146,72;798,4;199,6;1;1;0;0;0;0;0;0;0;0;0;0;0;0;0;0;0;0;0;0;0;0;0;0;0;0;0;0;0;0;0;0;0;0;0;0;0;0;0;0;0;0;0;0;0;0;0;0;0;000079;FALSO;SCARF ME MATRIZ - RSR;SUDESTE;;;FLORAL;BANDANA GLORIOSA C 04/26;LENÇO;LÃ;T6;110X110;LENÇOS;SCARFME;;PC;FALSO;;;CHINA;;;PADRAO;;OFF WHITE;FALSO;81,62;798,4;0,37;0,13;13;;;;;0;0;0;0;1;798,4;6;0;0;;;FEMININO
GUARULHOS - RSR;000079;13.71.0697;17/05/2026;03;111,28;718,4;179,6;1;1;0;0;0;0;0;0;0;0;0;0;0;0;0;0;0;0;0;0;0;0;0;0;0;0;0;0;0;0;0;0;0;0;0;0;0;0;0;0;0;0;0;0;0;0;0;0;0;000079;FALSO;SCARF ME MATRIZ - RSR;SUDESTE;;;ABSTRATO;SILHUETAS C 05/26;LENÇO;CETIM DE SEDA;Y1;90X90;LENÇOS;SCARFME;;PC;FALSO;;;CHINA;;;PADRAO;;AZUL;FALSO;84,51;718,4;0,33;0,13;03;;;;;0;0;0;0;1;718,4;6;0;0;;;UNISSEX
GUARULHOS - RSR;000079;13.B1.0071;15/05/2026;40;44,47;198;0;1;1;0;0;0;0;0;0;0;0;0;0;0;0;0;0;0;0;0;0;0;0;0;0;0;0;0;0;0;0;0;0;0;0;0;0;0;0;0;0;0;0;0;0;0;0;0;0;0;000079;FALSO;SCARF ME MATRIZ - RSR;SUDESTE;;;GEOMETRICO;BANDANA CLASSICO 12/24;LENÇO;ALGODÃO;T6;65X65;LENÇOS;SCARFME;;PC;FALSO;;;SALETE CAJAMAR;;;PADRAO;;MARINHO;FALSO;77,54;198;0,09;0,13;40;;;;;0;0;0;0;1;198;6;0;0;;;FEMININO
GUARULHOS - RSR;000079;13.B1.0075;15/05/2026;08;47,97;199;0;1;1;0;0;0;0;0;0;0;0;0;0;0;0;0;0;0;0;0;0;0;0;0;0;0;0;0;0;0;0;0;0;0;0;0;0;0;0;0;0;0;0;0;0;0;0;0;0;0;000079;FALSO;SCARF ME MATRIZ - RSR;SUDESTE;;;PAISAGEM;JARDIM ENCANTADO 05/25;LENÇO;ALGODÃO;Q6;130X130;LENÇOS;SCARFME;;PC;FALSO;;;SALETE CAJAMAR;;;PADRAO;;ROSA;FALSO;75,89;199;0,09;0,13;08;;;;;0;0;0;0;1;199;6;0;0;;;FEMININO
GUARULHOS - RSR;000079;13.B1.0077;15/05/2026;08;47,97;298,00051;-99,00051;1;1;0;0;0;0;0;0;0;0;0;0;0;0;0;0;0;0;0;0;0;0;0;0;0;0;0;0;0;0;0;0;0;0;0;0;0;0;0;0;0;0;0;0;0;0;0;0;0;000079;FALSO;SCARF ME MATRIZ - RSR;SUDESTE;;;PAISAGEM;ENCANTO TROPICAL 05/25;LENÇO;ALGODÃO;Q6;130X130;LENÇOS;SCARFME;;PC;FALSO;;;SALETE CAJAMAR;;;PADRAO;;ROSA;FALSO;83,9;298;0,14;0,13;08;;;;;0;0;0;0;1;298;6;0;0;;;FEMININO
GUARULHOS - RSR;000079;14.20.0049;15/05/2026;11;296,61;1800,00626;97,99374;1;1;0;0;0;0;0;0;0;0;0;0;0;0;0;0;0;0;0;0;0;0;0;0;0;0;0;0;0;0;0;0;0;0;0;0;0;0;0;0;0;0;0;0;0;0;0;0;0;000079;FALSO;SCARF ME MATRIZ - RSR;SUDESTE;;;INDIGENA;AMAZONIA INDIGENA C 11/24;PANNEAUX;CETIM DE SEDA;O8;130X200;LENÇOS;SCARFME;;PC;FALSO;HE22039;;CHINA;;;PADRAO;;LARANJA;FALSO;83,52;1800,01;0,82;0,13;11;;;;;0;0;0;0;1;1800,01;6;0;0;;;FEMININO
GUARULHOS - RSR;000079;28.05.0079;16/05/2026;03;130,63;357,999642;-107,399642;1;1;0;0;0;0;0;0;0;0;0;0;0;0;0;0;0;0;0;0;0;0;0;0;0;0;0;0;0;0;0;0;0;0;0;0;0;0;0;0;0;0;0;0;0;0;0;0;0;000079;FALSO;SCARF ME MATRIZ - RSR;SUDESTE;;;GEOMETRICO;MODERN DUBAI G ORGANIZADOR 10/24;ACESSÓRIOS;NECESSAIRE;T3;TAMANHO G;ACESSÓRIOS;SCARFME;;PC;FALSO;;;SALETE CAJAMAR;;;PADRAO;;AZUL;FALSO;63,51;358;0,16;0,13;03;;;;;0;0;0;0;1;358;6;0;0;;;FEMININO
GUARULHOS - RSR;000079;28.05.0116;15/05/2026;04;78,38;253,26312;4,73688;1;1;0;0;0;0;0;0;0;0;0;0;0;0;0;0;0;0;0;0;0;0;0;0;0;0;0;0;0;0;0;0;0;0;0;0;0;0;0;0;0;0;0;0;0;0;0;0;0;000079;FALSO;SCARF ME MATRIZ - RSR;SUDESTE;;;BICHO;SILHUETAS M ORGANIZADOR 11/25;ACESSÓRIOS;NECESSAIRE;V9;TAMANHO M;ACESSÓRIOS;SCARFME;;PC;FALSO;;;SALETE CAJAMAR;;;PADRAO;;VERDE;FALSO;69,05;253,26;0,12;0,13;04;;;;;0;0;0;0;1;253,26;6;0;0;;;FEMININO
GUARULHOS - RSR;000079;45.14.0036;16/05/2026;C6;29,48;327,99966;-29,99966;1;1;0;0;0;0;0;0;0;0;0;0;0;0;0;0;0;0;0;0;0;0;0;0;0;0;0;0;0;0;0;0;0;0;0;0;0;0;0;0;0;0;0;0;0;0;0;0;0;000079;FALSO;SCARF ME MATRIZ - RSR;SUDESTE;;;BICHO;BRASIL ANIMAL PRINT 12/22;ECHARPE;MOUSSELINE DE POLIESTER;O2;45X210;LENÇOS;SCARFME;;PC;FALSO;;;SALETE CAJAMAR;;;PADRAO;;AZUL/AMARELO;FALSO;91,01;328;0,15;0,13;C6;;;;;0;0;0;0;1;328;6;0;0;;;FEMININO
GUARULHOS - RSR;000079;45.14.0036;17/05/2026;C6;29,48;278,20088;19,79912;1;1;0;0;0;0;0;0;0;0;0;0;0;0;0;0;0;0;0;0;0;0;0;0;0;0;0;0;0;0;0;0;0;0;0;0;0;0;0;0;0;0;0;0;0;0;0;0;0;000079;FALSO;SCARF ME MATRIZ - RSR;SUDESTE;;;BICHO;BRASIL ANIMAL PRINT 12/22;ECHARPE;MOUSSELINE DE POLIESTER;O2;45X210;LENÇOS;SCARFME;;PC;FALSO;;;SALETE CAJAMAR;;;PADRAO;;AZUL/AMARELO;FALSO;89,4;278,2;0,13;0,13;C6;;;;;0;0;0;0;1;278,2;6;0;0;;;FEMININO
GUARULHOS - RSR;000079;45.14.0052;15/05/2026;40;29,48;328;0;1;1;0;0;0;0;0;0;0;0;0;0;0;0;0;0;0;0;0;0;0;0;0;0;0;0;0;0;0;0;0;0;0;0;0;0;0;0;0;0;0;0;0;0;0;0;0;0;0;000079;FALSO;SCARF ME MATRIZ - RSR;SUDESTE;;;INDIGENA;AMAZONIA INDÍGENA 05/23;ECHARPE;MOUSSELINE DE POLIESTER;O8;45X210;LENÇOS;SCARFME;;PC;FALSO;;;SALETE CAJAMAR;;;PADRAO;;MARINHO;FALSO;91,01;328;0,15;0,13;40;;;;;0;0;0;0;1;328;6;0;0;;;FEMININO
GUARULHOS - RSR;000079;45.14.0052;17/05/2026;10;29,48;328;0;1;1;0;0;0;0;0;0;0;0;0;0;0;0;0;0;0;0;0;0;0;0;0;0;0;0;0;0;0;0;0;0;0;0;0;0;0;0;0;0;0;0;0;0;0;0;0;0;0;000079;FALSO;SCARF ME MATRIZ - RSR;SUDESTE;;;INDIGENA;AMAZONIA INDÍGENA 05/23;ECHARPE;MOUSSELINE DE POLIESTER;O8;45X210;LENÇOS;SCARFME;;PC;FALSO;;;SALETE CAJAMAR;;;PADRAO;;MULTICOLOR;FALSO;91,01;328;0,15;0,13;10;;;;;0;0;0;0;1;328;6;0;0;;;FEMININO
GUARULHOS - RSR;000079;45.14.640;16/05/2026;10;33,11;328;0;1;1;0;0;0;0;0;0;0;0;0;0;0;0;0;0;0;0;0;0;0;0;0;0;0;0;0;0;0;0;0;0;0;0;0;0;0;0;0;0;0;0;0;0;0;0;0;0;0;000079;FALSO;SCARF ME MATRIZ - RSR;SUDESTE;;;GEOMETRICO;SILVIA 05/22;ECHARPE;MOUSSELINE DE POLIESTER;M1;45X210;LENÇOS;SCARFME;;PC;FALSO;;;SALETE CAJAMAR;;;PADRAO;;MULTICOLOR;FALSO;89,91;328;0,15;0,13;10;;;;;0;0;0;0;1;328;6;0;0;;;FEMININO
GUARULHOS - RSR;000079;45.14.640;17/05/2026;10;33,11;328;0;1;1;0;0;0;0;0;0;0;0;0;0;0;0;0;0;0;0;0;0;0;0;0;0;0;0;0;0;0;0;0;0;0;0;0;0;0;0;0;0;0;0;0;0;0;0;0;0;0;000079;FALSO;SCARF ME MATRIZ - RSR;SUDESTE;;;GEOMETRICO;SILVIA 05/22;ECHARPE;MOUSSELINE DE POLIESTER;M1;45X210;LENÇOS;SCARFME;;PC;FALSO;;;SALETE CAJAMAR;;;PADRAO;;MULTICOLOR;FALSO;89,91;328;0,15;0,13;10;;;;;0;0;0;0;1;328;6;0;0;;;FEMININO
GUARULHOS - RSR;000079;55.14.170;15/05/2026;08;10,47;148;0;1;1;0;0;0;0;0;0;0;0;0;0;0;0;0;0;0;0;0;0;0;0;0;0;0;0;0;0;0;0;0;0;0;0;0;0;0;0;0;0;0;0;0;0;0;0;0;0;0;000079;FALSO;SCARF ME MATRIZ - RSR;SUDESTE;;;ABSTRATO;ALICIA 05/19;LENÇO;CETIM DE POLIESTER;91;50X50;APROVEITAMENTO LENÇO;SCARFME;;PC;FALSO;;;SALETE CAJAMAR;;;PADRAO;;ROSA;FALSO;92,93;148;0,07;0,13;08;;;;;0;0;0;0;1;148;6;0;0;;;FEMININO
GUARULHOS - RSR;000079;85.03.189;17/05/2026;M3;5,3;148;0;1;1;0;0;0;0;0;0;0;0;0;0;0;0;0;0;0;0;0;0;0;0;0;0;0;0;0;0;0;0;0;0;0;0;0;0;0;0;0;0;0;0;0;0;0;0;0;0;0;000079;FALSO;SCARF ME MATRIZ - RSR;SUDESTE;;;FLORAL;FLOR FLAMINGO 02/23;TWILLY;CETIM DE POLIESTER;O3;8X130;APROVEITAMENTO LENÇO;SCARFME;;PC;FALSO;;;SALETE CAJAMAR;;;PADRAO;;LAVANDA;FALSO;96,42;148;0,07;0,13;M3;;;;;0;0;0;0;1;148;6;0;0;;;FEMININO
GUARULHOS - RSR;000079;85.04.0116;16/05/2026;03;36,85;204,93308;13,06692;1;1;0;0;0;0;0;0;0;0;0;0;0;0;0;0;0;0;0;0;0;0;0;0;0;0;0;0;0;0;0;0;0;0;0;0;0;0;0;0;0;0;0;0;0;0;0;0;0;000079;FALSO;SCARF ME MATRIZ - RSR;SUDESTE;;;ABSTRATO;ALGODAO DOCE C 03/26;LENÇO;CETIM DE SEDA;X7;40X40;LENÇOS;SCARFME;;PC;FALSO;;;CHINA;;;PADRAO;;AZUL;FALSO;82,02;204,93;0,09;0,13;03;;;;;0;0;0;0;1;204,93;6;0;0;;;FEMININO
GUARULHOS - RSR;000079;97.94.0156;16/05/2026;11;408,72;1794;0;3;2;0;1;0;0;0;0;0;0;0;0;0;0;0;0;0;0;0;0;0;0;0;0;0;0;0;0;0;0;0;0;0;0;0;0;0;0;0;0;0;0;0;0;0;0;0;0;0;000079;FALSO;SCARF ME MATRIZ - RSR;SUDESTE;;;FOLHAGEM;KF FORCA DA MATA CURTO 04/24;CAFTAN CURTO;VISCOSE;Q6;P/M/G;FASHION;SCARFME;;PC;FALSO;;;SALETE CAJAMAR;;;PADRAO;;LARANJA;FALSO;77,22;598;0,82;0,4;11;;;;;0;0;0;0;3;1794;6;0;0;;;FEMININO
GUARULHOS - RSR;000079;97.94.139;16/05/2026;107;139,77;798;0;1;0;0;1;0;0;0;0;0;0;0;0;0;0;0;0;0;0;0;0;0;0;0;0;0;0;0;0;0;0;0;0;0;0;0;0;0;0;0;0;0;0;0;0;0;0;0;0;0;000079;FALSO;SCARF ME MATRIZ - RSR;SUDESTE;;;FLORAL;KAFTAN EMPODERE-SE CURTO 03/23;CAFTAN CURTO;VISCOSE;O5;P/M/G;FASHION;SCARFME;;PC;FALSO;;;SALETE CAJAMAR;;;PADRAO;;PRETO/OFF WHITE;FALSO;82,48;798;0,36;0,13;107;;;;;0;0;0;0;1;798;6;0;0;;;FEMININO
GUARULHOS - RSR;000079;A3.43.0044;15/05/2026;14;10,47;0,0098164;0,0001836;1;1;0;0;0;0;0;0;0;0;0;0;0;0;0;0;0;0;0;0;0;0;0;0;0;0;0;0;0;0;0;0;0;0;0;0;0;0;0;0;0;0;0;0;0;0;0;0;0;000079;FALSO;SCARF ME MATRIZ - RSR;SUDESTE;;;FLORAL;KIT DANI FERNANDES 04/26;KIT;LENÇO +  BODY SPLASH;X9;UNICO;LENÇOS;SCARFME;;PC;FALSO;;;SALETE CAJAMAR;;;PADRAO;;VINHO;FALSO;-104600;0,01;0;0,13;14;;;;;0;0;0;0;1;0,01;6;0;0;;;FEMININO
GUARULHOS - RSR;000079;A3.43.0044;16/05/2026;14;10,47;142,67088;55,32912;1;1;0;0;0;0;0;0;0;0;0;0;0;0;0;0;0;0;0;0;0;0;0;0;0;0;0;0;0;0;0;0;0;0;0;0;0;0;0;0;0;0;0;0;0;0;0;0;0;000079;FALSO;SCARF ME MATRIZ - RSR;SUDESTE;;;FLORAL;KIT DANI FERNANDES 04/26;KIT;LENÇO +  BODY SPLASH;X9;UNICO;LENÇOS;SCARFME;;PC;FALSO;;;SALETE CAJAMAR;;;PADRAO;;VINHO;FALSO;92,66;142,67;0,07;0,13;14;;;;;0;0;0;0;1;142,67;6;0;0;;;FEMININO
GUARULHOS - RSR;000079;A3.44.0045;15/05/2026;01;0,01;0,0105791;-0,0005791;1;1;0;0;0;0;0;0;0;0;0;0;0;0;0;0;0;0;0;0;0;0;0;0;0;0;0;0;0;0;0;0;0;0;0;0;0;0;0;0;0;0;0;0;0;0;0;0;0;000079;FALSO;SCARF ME MATRIZ - RSR;SUDESTE;;;PERSONALILZADO;KIT GRAPE ZIEL 05/26;KIT;HIDRATANTE + OLEO;X13;UNICO;PROMOCIONAIS;SCARFME;;PC;FALSO;;;SALETE CAJAMAR;;;PADRAO;;BRANCO;FALSO;0;0,01;0;0,13;01;;;;;0;0;0;0;1;0,01;6;0;0;;;FEMININO
GUARULHOS - RSR;000079;A3.44.0045;16/05/2026;01;0,01;0,01;0;1;1;0;0;0;0;0;0;0;0;0;0;0;0;0;0;0;0;0;0;0;0;0;0;0;0;0;0;0;0;0;0;0;0;0;0;0;0;0;0;0;0;0;0;0;0;0;0;0;000079;FALSO;SCARF ME MATRIZ - RSR;SUDESTE;;;PERSONALILZADO;KIT GRAPE ZIEL 05/26;KIT;HIDRATANTE + OLEO;X13;UNICO;PROMOCIONAIS;SCARFME;;PC;FALSO;;;SALETE CAJAMAR;;;PADRAO;;BRANCO;FALSO;0;0,01;0;0,13;01;;;;;0;0;0;0;1;0,01;6;0;0;;;FEMININO
IGUATEMI SP - JJJ;000059;07.06.0002;16/05/2026;14;49,98;328;0;1;1;0;0;0;0;0;0;0;0;0;0;0;0;0;0;0;0;0;0;0;0;0;0;0;0;0;0;0;0;0;0;0;0;0;0;0;0;0;0;0;0;0;0;0;0;0;0;0;000059;FALSO;SCARF ME - MATRIZ JJJ;SUDESTE;;;LISO;PASHMINA LISA VISCOSE *;PASHMINA;VISCOSE (PASHMINA);48;70X180;PASHMINA;SCARFME;;PC;FALSO;;;LE SOUK;;;PADRAO;;VINHO;FALSO;84,76;328;0,15;0,13;14;;;;;0;0;0;0;1;328;7;0;0;;;FEMININO
IGUATEMI SP - JJJ;000059;07.79.84;17/05/2026;H4;144,57;898;0;1;1;0;0;0;0;0;0;0;0;0;0;0;0;0;0;0;0;0;0;0;0;0;0;0;0;0;0;0;0;0;0;0;0;0;0;0;0;0;0;0;0;0;0;0;0;0;0;0;000059;FALSO;SCARF ME - MATRIZ JJJ;SUDESTE;;;FUN;CASHMERE ESPINHA DE PEIXE;PASHMINA;100% CASHMERE;90;70 X 200;INDIA;SCARFME;;PC;FALSO;;;SALETE CAJAMAR;;;PADRAO;;PRETO / AREIA;FALSO;83,9;898;0,41;0,13;H4;;;;;0;0;0;0;1;898;7;0;0;;;FEMININO
IGUATEMI SP - JJJ;000059;07.79.90;15/05/2026;17;64,52;465,8;82,2;1;1;0;0;0;0;0;0;0;0;0;0;0;0;0;0;0;0;0;0;0;0;0;0;0;0;0;0;0;0;0;0;0;0;0;0;0;0;0;0;0;0;0;0;0;0;0;0;0;000059;FALSO;SCARF ME - MATRIZ JJJ;SUDESTE;;;FUN;CASHMERE DIAMANTE 04/19*;PASHMINA;CASHMERE COM MODAL;90;70 X 200;INDIA;SCARFME;;PC;VERDADEIRO;70X200;;SALETE CAJAMAR;;;PADRAO;;SALMON;FALSO;86,15;465,8;0,21;0,13;17;;;;;0;0;0;0;1;465,8;7;0;0;;;FEMININO
IGUATEMI SP - JJJ;000059;07.97.101;16/05/2026;155;251,89;1348,99394;149,00606;1;1;0;0;0;0;0;0;0;0;0;0;0;0;0;0;0;0;0;0;0;0;0;0;0;0;0;0;0;0;0;0;0;0;0;0;0;0;0;0;0;0;0;0;0;0;0;0;0;000059;FALSO;SCARF ME - MATRIZ JJJ;SUDESTE;;;CASHMERE;CASHMERE BABY 03/20*;PASHMINA;100% CASHMERE;90;75X200;INDIA;SCARFME;;PC;FALSO;;;SALETE CAJAMAR;;;PADRAO;;CASTANHO;FALSO;81,33;1348,99;0,62;0,13;155;;;;;0;0;0;0;1;1348,99;7;0;0;;;FEMININO
IGUATEMI SP - JJJ;000059;13.46.0117;16/05/2026;M3;33,32;378;0;1;1;0;0;0;0;0;0;0;0;0;0;0;0;0;0;0;0;0;0;0;0;0;0;0;0;0;0;0;0;0;0;0;0;0;0;0;0;0;0;0;0;0;0;0;0;0;0;0;000059;FALSO;SCARF ME - MATRIZ JJJ;SUDESTE;;;FLORAL;FLOR FLAMINGO 02/23;LENÇO;CETIM DE POLIESTER;O3;90X90;LENÇOS;SCARFME;;PC;FALSO;;;SALETE CAJAMAR;;;PADRAO;;LAVANDA;FALSO;91,19;378;0,17;0,13;M3;;;;;0;0;0;0;1;378;7;0;0;;;FEMININO
IGUATEMI SP - JJJ;000059;13.46.0132;16/05/2026;03;10,47;148;0;1;0;0;0;0;0;0;0;0;0;0;0;0;0;0;0;0;0;0;0;0;0;0;0;0;0;0;0;0;0;0;0;0;0;0;0;0;0;0;0;0;0;0;0;0;0;0;0;0;000059;FALSO;SCARF ME - MATRIZ JJJ;SUDESTE;;;GEOMETRICO;MODERN DUBAI 04/23;LENÇO;CETIM DE POLIESTER;P5;50X50;APROVEITAMENTO LENÇO;SCARFME;;PC;FALSO;;;SALETE CAJAMAR;;;PADRAO;;AZUL;FALSO;0;148;0;0;03;;;;;1;148;0;10,47;0;0;7;0;0;;;FEMININO
IGUATEMI SP - JJJ;000059;13.46.0134;16/05/2026;116;10,47;99,00016;48,99984;1;1;0;0;0;0;0;0;0;0;0;0;0;0;0;0;0;0;0;0;0;0;0;0;0;0;0;0;0;0;0;0;0;0;0;0;0;0;0;0;0;0;0;0;0;0;0;0;0;000059;FALSO;SCARF ME - MATRIZ JJJ;SUDESTE;;;GEOMETRICO;MODERN DUBAI TERROSO 04/23;LENÇO;CETIM DE POLIESTER;P5;50X50;APROVEITAMENTO LENÇO;SCARFME;;PC;FALSO;;;SALETE CAJAMAR;;;PADRAO;;TERRA;FALSO;89,42;99;0,05;0,13;116;;;;;0;0;0;0;1;99;7;0;0;;;FEMININO
IGUATEMI SP - JJJ;000059;13.46.0154;16/05/2026;10;33,32;302,4;75,6;1;1;0;0;0;0;0;0;0;0;0;0;0;0;0;0;0;0;0;0;0;0;0;0;0;0;0;0;0;0;0;0;0;0;0;0;0;0;0;0;0;0;0;0;0;0;0;0;0;000059;FALSO;SCARF ME - MATRIZ JJJ;SUDESTE;;;PENAS;BRASIL COCAR 06/23;LENÇO;CETIM DE POLIESTER;P2;90X90;LENÇOS;SCARFME;;PC;FALSO;;;SALETE CAJAMAR;;;PADRAO;;MULTICOLOR;FALSO;88,98;302,4;0,14;0,13;10;;;;;0;0;0;0;1;302,4;7;0;0;;;FEMININO
IGUATEMI SP - JJJ;000059;13.46.0156;16/05/2026;H5;33,32;302,4;75,6;1;1;0;0;0;0;0;0;0;0;0;0;0;0;0;0;0;0;0;0;0;0;0;0;0;0;0;0;0;0;0;0;0;0;0;0;0;0;0;0;0;0;0;0;0;0;0;0;0;000059;FALSO;SCARF ME - MATRIZ JJJ;SUDESTE;;;BICHO;FAUNA 06/23;LENÇO;CETIM DE POLIESTER;P2;90X90;LENÇOS;SCARFME;;PC;FALSO;;;SALETE CAJAMAR;;;PADRAO;;VERDE/OFF;FALSO;88,98;302,4;0,14;0,13;H5;;;;;0;0;0;0;1;302,4;7;0;0;;;FEMININO
IGUATEMI SP - JJJ;000059;13.46.0266;16/05/2026;01;33,32;302,4;75,6;1;1;0;0;0;0;0;0;0;0;0;0;0;0;0;0;0;0;0;0;0;0;0;0;0;0;0;0;0;0;0;0;0;0;0;0;0;0;0;0;0;0;0;0;0;0;0;0;0;000059;FALSO;SCARF ME - MATRIZ JJJ;SUDESTE;;;FLORAL;YASMIN FLORAL 06/24;LENÇO;CETIM DE POLIESTER;S3;90X90;LENÇOS;SCARFME;;PC;FALSO;;;SALETE CAJAMAR;;;PADRAO;;BRANCO;FALSO;88,98;302,4;0,14;0,13;01;;;;;0;0;0;0;1;302,4;7;0;0;;;FEMININO
IGUATEMI SP - JJJ;000059;13.46.0343;16/05/2026;03;33,32;318,4;79,6;1;1;0;0;0;0;0;0;0;0;0;0;0;0;0;0;0;0;0;0;0;0;0;0;0;0;0;0;0;0;0;0;0;0;0;0;0;0;0;0;0;0;0;0;0;0;0;0;0;000059;FALSO;SCARF ME - MATRIZ JJJ;SUDESTE;;;FOLHAGEM;ENCANTO CARIOCA 02/25;LENÇO;CETIM DE POLIESTER;U5;90X90;LENÇOS;SCARFME;;PC;FALSO;;;SALETE CAJAMAR;;;PADRAO;;AZUL;FALSO;89,54;318,4;0,15;0,13;03;;;;;0;0;0;0;1;318,4;7;0;0;;;FEMININO
IGUATEMI SP - JJJ;000059;13.47.0129;15/05/2026;03;139,24;898;0;1;1;0;0;0;0;0;0;0;0;0;0;0;0;0;0;0;0;0;0;0;0;0;0;0;0;0;0;0;0;0;0;0;0;0;0;0;0;0;0;0;0;0;0;0;0;0;0;0;000059;FALSO;SCARF ME - MATRIZ JJJ;SUDESTE;;;GEOMETRICO;GEOMETRICO MULTICOLORIDO C  11/24;LENÇO;MOUSSELINE DE SEDA;R7;130X130;LENÇOS;SCARFME;;PC;FALSO;;;SALETE CAJAMAR;;;PADRAO;;AZUL;FALSO;84,49;898;0,41;0,13;03;;;;;0;0;0;0;1;898;7;0;0;;;FEMININO
IGUATEMI SP - JJJ;000059;13.71.0392;16/05/2026;107;61,32;698;0;1;1;0;0;0;0;0;0;0;0;0;0;0;0;0;0;0;0;0;0;0;0;0;0;0;0;0;0;0;0;0;0;0;0;0;0;0;0;0;0;0;0;0;0;0;0;0;0;0;000059;FALSO;SCARF ME - MATRIZ JJJ;SUDESTE;;;FLORAL;EMPODERE-SE C 08/24;LENÇO;CETIM DE SEDA;E9;65X65;LENÇOS;SCARFME;;PC;FALSO;HE23013-65;;CHINA;;;PADRAO;;PRETO/OFF WHITE;FALSO;91,21;698;0,32;0,13;107;;;;;0;0;0;0;1;698;7;0;0;;;FEMININO
IGUATEMI SP - JJJ;000059;13.71.0393;16/05/2026;03;61,32;558,4;139,6;1;1;0;0;0;0;0;0;0;0;0;0;0;0;0;0;0;0;0;0;0;0;0;0;0;0;0;0;0;0;0;0;0;0;0;0;0;0;0;0;0;0;0;0;0;0;0;0;0;000059;FALSO;SCARF ME - MATRIZ JJJ;SUDESTE;;;FLORAL;GRAND MOSQUE C 08/24;LENÇO;CETIM DE SEDA;E9;65X65;LENÇOS;SCARFME;;PC;FALSO;HE23035-65;;CHINA;;;PADRAO;;AZUL;FALSO;89,02;558,4;0,26;0,13;03;;;;;0;0;0;0;1;558,4;7;0;0;;;FEMININO
IGUATEMI SP - JJJ;000059;13.71.0457;16/05/2026;06;119,34;718,4;179,6;1;1;0;0;0;0;0;0;0;0;0;0;0;0;0;0;0;0;0;0;0;0;0;0;0;0;0;0;0;0;0;0;0;0;0;0;0;0;0;0;0;0;0;0;0;0;0;0;0;000059;FALSO;SCARF ME - MATRIZ JJJ;SUDESTE;;;ANIMAL PRINT;PRINT SELVAGEM C 11/24;LENÇO;CETIM DE SEDA;R7;90X90;LENÇOS;SCARFME;;PC;FALSO;TH24001--V1/V2/V3;;CHINA;;;PADRAO;;PRETO;FALSO;83,39;718,4;0,33;0,13;06;;;;;0;0;0;0;1;718,4;7;0;0;;;FEMININO
IGUATEMI SP - JJJ;000059;13.71.0487;15/05/2026;04;56,81;698;0;1;1;0;0;0;0;0;0;0;0;0;0;0;0;0;0;0;0;0;0;0;0;0;0;0;0;0;0;0;0;0;0;0;0;0;0;0;0;0;0;0;0;0;0;0;0;0;0;0;000059;FALSO;SCARF ME - MATRIZ JJJ;SUDESTE;;;BICHO;GRAVATARIA 11/24;LENÇO;CETIM DE SEDA;T6;65X65;LENÇOS;SCARFME;;PC;FALSO;;;SALETE CAJAMAR;;;PADRAO;;VERDE;FALSO;91,86;698;0,32;0,13;04;;;;;0;0;0;0;1;698;7;0;0;;;FEMININO
IGUATEMI SP - JJJ;000059;13.71.0581;16/05/2026;09;10,31;99,00016;48,99984;1;1;0;0;0;0;0;0;0;0;0;0;0;0;0;0;0;0;0;0;0;0;0;0;0;0;0;0;0;0;0;0;0;0;0;0;0;0;0;0;0;0;0;0;0;0;0;0;0;000059;FALSO;SCARF ME - MATRIZ JJJ;SUDESTE;;;ANIMAL PRINT;SUCURI 11/25;LENÇO;CETIM DE POLIESTER;V9;50X50;APROVEITAMENTO LENÇO;SCARFME;;PC;FALSO;;;SALETE CAJAMAR;;;PADRAO;;MARROM;FALSO;89,59;99;0,05;0,13;09;;;;;0;0;0;0;1;99;7;0;0;;;FEMININO
IGUATEMI SP - JJJ;000059;13.71.0607;16/05/2026;03;140,31;694,4;173,6;1;1;0;0;0;0;0;0;0;0;0;0;0;0;0;0;0;0;0;0;0;0;0;0;0;0;0;0;0;0;0;0;0;0;0;0;0;0;0;0;0;0;0;0;0;0;0;0;0;000059;FALSO;SCARF ME - MATRIZ JJJ;SUDESTE;;;ABSTRATO;GUARDIAO DAS AGUAS C 11/25;LENÇO;CETIM DE SEDA;V9;90X90;LENÇOS;SCARFME;;PC;FALSO;CJ25093;;SALETE CAJAMAR;;;PADRAO;;AZUL;FALSO;79,79;694,4;0,32;0,13;03;;;;;0;0;0;0;1;694,4;7;0;0;;;FEMININO
IGUATEMI SP - JJJ;000059;13.71.0634;16/05/2026;03;121,28;718,4;179,6;1;1;0;0;0;0;0;0;0;0;0;0;0;0;0;0;0;0;0;0;0;0;0;0;0;0;0;0;0;0;0;0;0;0;0;0;0;0;0;0;0;0;0;0;0;0;0;0;0;000059;FALSO;SCARF ME - MATRIZ JJJ;SUDESTE;;;ABSTRATO;ALGODAO DOCE C 11/25;LENÇO;CETIM DE SEDA;X7;90X90;LENÇOS;SCARFME;;PC;FALSO;TH25131;;CHINA;;;PADRAO;;AZUL;FALSO;83,12;718,4;0,33;0,13;03;;;;;0;0;0;0;1;718,4;7;0;0;;;FEMININO
IGUATEMI SP - JJJ;000059;13.71.0654;16/05/2026;04;119,34;898;0;1;1;0;0;0;0;0;0;0;0;0;0;0;0;0;0;0;0;0;0;0;0;0;0;0;0;0;0;0;0;0;0;0;0;0;0;0;0;0;0;0;0;0;0;0;0;0;0;0;000059;FALSO;SCARF ME - MATRIZ JJJ;SUDESTE;;;ARABESCO;ORIENTAL ASTRID C 01/26;LENÇO;CETIM DE SEDA;X15;90X90;LENÇOS;SCARFME;;PC;FALSO;TH25173-V1;;CHINA;;;PADRAO;;VERDE;FALSO;86,71;898;0,41;0,13;04;;;;;0;0;0;0;1;898;7;0;0;;;FEMININO
IGUATEMI SP - JJJ;000059;13.71.0664;15/05/2026;09;119,34;898;0;1;1;0;0;0;0;0;0;0;0;0;0;0;0;0;0;0;0;0;0;0;0;0;0;0;0;0;0;0;0;0;0;0;0;0;0;0;0;0;0;0;0;0;0;0;0;0;0;0;000059;FALSO;SCARF ME - MATRIZ JJJ;SUDESTE;;;FIGURATIVO;CAFE C 04/26;LENÇO;CETIM DE SEDA;X10;90X90;LENÇOS;SCARFME;;PC;FALSO;TH25160 DOBLEFACE;;CHINA;;;PADRAO;;MARROM;FALSO;86,71;898;0,41;0,13;09;;;;;0;0;0;0;1;898;7;0;0;;;FEMININO
IGUATEMI SP - JJJ;000059;13.71.0680;15/05/2026;04;73,59;378,0005;19,9995;1;1;0;0;0;0;0;0;0;0;0;0;0;0;0;0;0;0;0;0;0;0;0;0;0;0;0;0;0;0;0;0;0;0;0;0;0;0;0;0;0;0;0;0;0;0;0;0;0;000059;FALSO;SCARF ME - MATRIZ JJJ;SUDESTE;;;GEOMETRICO;COELHOS C 03/26;LENÇO;CETIM DE POLIESTER;X7;90X90;LENÇOS;SCARFME;;PC;FALSO;;;CHINA;;;PADRAO;;VERDE;FALSO;80,53;378;0,17;0,13;04;;;;;0;0;0;0;1;378;7;0;0;;;FEMININO
IGUATEMI SP - JJJ;000059;13.71.0689;16/05/2026;03;111,28;718,4;179,6;1;1;0;0;0;0;0;0;0;0;0;0;0;0;0;0;0;0;0;0;0;0;0;0;0;0;0;0;0;0;0;0;0;0;0;0;0;0;0;0;0;0;0;0;0;0;0;0;0;000059;FALSO;SCARF ME - MATRIZ JJJ;SUDESTE;;;BICHO;MAPA DO BRASIL C 04/26;LENÇO;CETIM DE SEDA;Y1;90X90;LENÇOS;SCARFME;;PC;FALSO;;;CHINA;;;PADRAO;;AZUL;FALSO;84,51;718,4;0,33;0,13;03;;;;;0;0;0;0;1;718,4;7;0;0;;;FEMININO
IGUATEMI SP - JJJ;000059;13.71.0697;16/05/2026;13;111,28;718,4;179,6;1;1;0;0;0;0;0;0;0;0;0;0;0;0;0;0;0;0;0;0;0;0;0;0;0;0;0;0;0;0;0;0;0;0;0;0;0;0;0;0;0;0;0;0;0;0;0;0;0;000059;FALSO;SCARF ME - MATRIZ JJJ;SUDESTE;;;ABSTRATO;SILHUETAS C 05/26;LENÇO;CETIM DE SEDA;Y1;90X90;LENÇOS;SCARFME;;PC;FALSO;;;CHINA;;;PADRAO;;OFF WHITE;FALSO;84,51;718,4;0,33;0,13;13;;;;;0;0;0;0;1;718,4;7;0;0;;;UNISSEX
IGUATEMI SP - JJJ;000059;13.71.0699;16/05/2026;03;111,28;718,4;179,6;1;1;0;0;0;0;0;0;0;0;0;0;0;0;0;0;0;0;0;0;0;0;0;0;0;0;0;0;0;0;0;0;0;0;0;0;0;0;0;0;0;0;0;0;0;0;0;0;0;000059;FALSO;SCARF ME - MATRIZ JJJ;SUDESTE;;;GRAVURA;O LAGO C 05/26;LENÇO;CETIM DE SEDA;U7;90X90;LENÇOS;SCARFME;;PC;FALSO;TH26008;;CHINA;;;PADRAO;;AZUL;FALSO;84,51;718,4;0,33;0,13;03;;;;;0;0;0;0;1;718,4;7;0;0;;;FEMININO
IGUATEMI SP - JJJ;000059;45.10.074;16/05/2026;10;33,11;328;0;1;1;0;0;0;0;0;0;0;0;0;0;0;0;0;0;0;0;0;0;0;0;0;0;0;0;0;0;0;0;0;0;0;0;0;0;0;0;0;0;0;0;0;0;0;0;0;0;0;000059;FALSO;SCARF ME - MATRIZ JJJ;SUDESTE;;;LISTRAS;CARMEL 20;ECHARPE;MOUSSELINE DE POLIESTER;B6;45X210;LENÇOS;SCARFME;;PC;FALSO;968621V300;;SALETE CAJAMAR;;;PADRAO;;MULTICOLOR;FALSO;89,91;328;0,15;0,13;10;;;;;0;0;0;0;1;328;7;0;0;;;FEMININO
IGUATEMI SP - JJJ;000059;45.14.0090;16/05/2026;08;31,03;328;0;1;1;0;0;0;0;0;0;0;0;0;0;0;0;0;0;0;0;0;0;0;0;0;0;0;0;0;0;0;0;0;0;0;0;0;0;0;0;0;0;0;0;0;0;0;0;0;0;0;000059;FALSO;SCARF ME - MATRIZ JJJ;SUDESTE;;;GEOMETRICO;TRACOS DE CORAGEM 03/25;ECHARPE;MOUSSELINE DE POLIESTER;U4;45X210;LENÇOS;SCARFME;;PC;FALSO;;;SALETE CAJAMAR;;;PADRAO;;ROSA;FALSO;90,54;328;0,15;0,13;08;;;;;0;0;0;0;1;328;7;0;0;;;FEMININO
IGUATEMI SP - JJJ;000059;85.03.0223;16/05/2026;09;42,4;820,0133653;215,9966347;8;8;0;0;0;0;0;0;0;0;0;0;0;0;0;0;0;0;0;0;0;0;0;0;0;0;0;0;0;0;0;0;0;0;0;0;0;0;0;0;0;0;0;0;0;0;0;0;0;000059;FALSO;SCARF ME - MATRIZ JJJ;SUDESTE;;;PAISLEY;GRAVATARIA 11/24;TWILLY;CETIM DE POLIESTER;T6;8X130;APROVEITAMENTO LENÇO;SCARFME;;PC;FALSO;;;SALETE CAJAMAR;;;PADRAO;;MARROM;FALSO;94,83;102,5;0,38;1,06;09;;;;;0;0;0;0;8;820,01;7;0;0;;;FEMININO
IGUATEMI SP - JJJ;000059;A3.44.0045;16/05/2026;01;0,01;0,008;0,002;1;1;0;0;0;0;0;0;0;0;0;0;0;0;0;0;0;0;0;0;0;0;0;0;0;0;0;0;0;0;0;0;0;0;0;0;0;0;0;0;0;0;0;0;0;0;0;0;0;000059;FALSO;SCARF ME - MATRIZ JJJ;SUDESTE;;;PERSONALILZADO;KIT GRAPE ZIEL 05/26;KIT;HIDRATANTE + OLEO;X13;UNICO;PROMOCIONAIS;SCARFME;;PC;FALSO;;;SALETE CAJAMAR;;;PADRAO;;BRANCO;FALSO;0;0,01;0;0,13;01;;;;;0;0;0;0;1;0,01;7;0;0;;;FEMININO
MORUMBI - JJJ;000055;07.06.0002;17/05/2026;06;49,98;328;0;1;1;0;0;0;0;0;0;0;0;0;0;0;0;0;0;0;0;0;0;0;0;0;0;0;0;0;0;0;0;0;0;0;0;0;0;0;0;0;0;0;0;0;0;0;0;0;0;0;000055;FALSO;SCARF ME - MATRIZ JJJ;SUDESTE;;;LISO;PASHMINA LISA VISCOSE *;PASHMINA;VISCOSE (PASHMINA);48;70X180;PASHMINA;SCARFME;;PC;FALSO;;;LE SOUK;;;PADRAO;;PRETO;FALSO;84,76;328;0,15;0,13;06;;;;;0;0;0;0;1;328;7;0;0;;;FEMININO
MORUMBI - JJJ;000055;07.06.0002;17/05/2026;M3;49,98;328;0;1;1;0;0;0;0;0;0;0;0;0;0;0;0;0;0;0;0;0;0;0;0;0;0;0;0;0;0;0;0;0;0;0;0;0;0;0;0;0;0;0;0;0;0;0;0;0;0;0;000055;FALSO;SCARF ME - MATRIZ JJJ;SUDESTE;;;LISO;PASHMINA LISA VISCOSE *;PASHMINA;VISCOSE (PASHMINA);48;70X180;PASHMINA;SCARFME;;PC;FALSO;;;LE SOUK;;;PADRAO;;LAVANDA;FALSO;84,76;328;0,15;0,13;M3;;;;;0;0;0;0;1;328;7;0;0;;;FEMININO
MORUMBI - JJJ;000055;07.80.0085;15/05/2026;40;46,95;328;0;1;1;0;0;0;0;0;0;0;0;0;0;0;0;0;0;0;0;0;0;0;0;0;0;0;0;0;0;0;0;0;0;0;0;0;0;0;0;0;0;0;0;0;0;0;0;0;0;0;000055;FALSO;SCARF ME - MATRIZ JJJ;SUDESTE;;;LISOS;PASHMINA LISA C 08/25;PASHMINA;VISCOSE (PASHMINA);E9;70X210;PASHMINA;SCARFME;;PC;FALSO;CHINA;;SALETE CAJAMAR;;;PADRAO;;MARINHO;FALSO;85,69;328;0,15;0,13;40;;;;;0;0;0;0;1;328;7;0;0;;;FEMININO
MORUMBI - JJJ;000055;07.80.0085;16/05/2026;68;46,95;328;0;1;1;0;0;0;0;0;0;0;0;0;0;0;0;0;0;0;0;0;0;0;0;0;0;0;0;0;0;0;0;0;0;0;0;0;0;0;0;0;0;0;0;0;0;0;0;0;0;0;000055;FALSO;SCARF ME - MATRIZ JJJ;SUDESTE;;;LISOS;PASHMINA LISA C 08/25;PASHMINA;VISCOSE (PASHMINA);E9;70X210;PASHMINA;SCARFME;;PC;FALSO;CHINA;;SALETE CAJAMAR;;;PADRAO;;PETROLEO;FALSO;85,69;328;0,15;0,13;68;;;;;0;0;0;0;1;328;7;0;0;;;FEMININO
MORUMBI - JJJ;000055;07.A5.01;16/05/2026;15;158,94;1498;0;1;1;0;0;0;0;0;0;0;0;0;0;0;0;0;0;0;0;0;0;0;0;0;0;0;0;0;0;0;0;0;0;0;0;0;0;0;0;0;0;0;0;0;0;0;0;0;0;0;000055;FALSO;SCARF ME - MATRIZ JJJ;SUDESTE;;;FUN;ZARI DUPLA FACE 08/21;PASHMINA;CASHMERE/SEDA;90;75X200;INDIA;SCARFME;;PC;FALSO;;;SALETE CAJAMAR;;;PADRAO;;UVA;FALSO;89,39;1498;0,69;0,13;15;;;;;0;0;0;0;1;1498;7;0;0;;;FEMININO
MORUMBI - JJJ;000055;13.46.0123;15/05/2026;107;10,47;148;0;1;1;0;0;0;0;0;0;0;0;0;0;0;0;0;0;0;0;0;0;0;0;0;0;0;0;0;0;0;0;0;0;0;0;0;0;0;0;0;0;0;0;0;0;0;0;0;0;0;000055;FALSO;SCARF ME - MATRIZ JJJ;SUDESTE;;;FLORAL;EMPODERE-SE 03/23;LENÇO;CETIM DE POLIESTER;O5;50X50;APROVEITAMENTO LENÇO;SCARFME;;PC;FALSO;;;SALETE CAJAMAR;;;PADRAO;;PRETO/OFF WHITE;FALSO;92,93;148;0,07;0,13;107;;;;;0;0;0;0;1;148;7;0;0;;;FEMININO
MORUMBI - JJJ;000055;13.46.0173;16/05/2026;10;33,32;302,4;0;1;1;0;0;0;0;0;0;0;0;0;0;0;0;0;0;0;0;0;0;0;0;0;0;0;0;0;0;0;0;0;0;0;0;0;0;0;0;0;0;0;0;0;0;0;0;0;0;0;000055;FALSO;SCARF ME - MATRIZ JJJ;SUDESTE;;;PAISAGEM;LAPA 07/23;LENÇO;CETIM DE POLIESTER;P8;90X90;LENÇOS;SCARFME;;PC;FALSO;;;SALETE CAJAMAR;;;PADRAO;;MULTICOLOR;FALSO;88,98;302,4;0,14;0,13;10;;;;;0;0;0;0;1;302,4;7;0;0;;;FEMININO
MORUMBI - JJJ;000055;13.46.0176;16/05/2026;10;33,32;378;0;1;1;0;0;0;0;0;0;0;0;0;0;0;0;0;0;0;0;0;0;0;0;0;0;0;0;0;0;0;0;0;0;0;0;0;0;0;0;0;0;0;0;0;0;0;0;0;0;0;000055;FALSO;SCARF ME - MATRIZ JJJ;SUDESTE;;;BICHO;ARARA AZUL 07/23;LENÇO;CETIM DE POLIESTER;P3;90X90;LENÇOS;SCARFME;;PC;FALSO;;;SALETE CAJAMAR;;;PADRAO;;MULTICOLOR;FALSO;91,19;378;0,17;0,13;10;;;;;0;0;0;0;1;378;7;0;0;;;FEMININO
MORUMBI - JJJ;000055;13.46.0267;16/05/2026;08;33,32;378;0;1;1;0;0;0;0;0;0;0;0;0;0;0;0;0;0;0;0;0;0;0;0;0;0;0;0;0;0;0;0;0;0;0;0;0;0;0;0;0;0;0;0;0;0;0;0;0;0;0;000055;FALSO;SCARF ME - MATRIZ JJJ;SUDESTE;;;AGUIA RETRO;AGUIA RETRO 06/24;LENÇO;CETIM DE POLIESTER;S3;90X90;LENÇOS;SCARFME;;PC;FALSO;;;SALETE CAJAMAR;;;PADRAO;;ROSA;FALSO;91,19;378;0,17;0,13;08;;;;;0;0;0;0;1;378;7;0;0;;;FEMININO
MORUMBI - JJJ;000055;13.46.0307;16/05/2026;09;33,32;378;0;1;1;0;0;0;0;0;0;0;0;0;0;0;0;0;0;0;0;0;0;0;0;0;0;0;0;0;0;0;0;0;0;0;0;0;0;0;0;0;0;0;0;0;0;0;0;0;0;0;000055;FALSO;SCARF ME - MATRIZ JJJ;SUDESTE;;;BICHO;VENTO SELVAGEM 11/24;LENÇO;CETIM DE POLIESTER;T6;90X90;LENÇOS;SCARFME;;PC;FALSO;;;SALETE CAJAMAR;;;PADRAO;;MARROM;FALSO;91,19;378;0,17;0,13;09;;;;;0;0;0;0;1;378;7;0;0;;;FEMININO
MORUMBI - JJJ;000055;13.46.0336;16/05/2026;08;33,32;398;0;1;1;0;0;0;0;0;0;0;0;0;0;0;0;0;0;0;0;0;0;0;0;0;0;0;0;0;0;0;0;0;0;0;0;0;0;0;0;0;0;0;0;0;0;0;0;0;0;0;000055;FALSO;SCARF ME - MATRIZ JJJ;SUDESTE;;;FLORAL;INTENSIDADE 01/25;LENÇO;CETIM DE POLIESTER;R7;90X90;LENÇOS;SCARFME;;PC;FALSO;;;SALETE CAJAMAR;;;PADRAO;;ROSA;FALSO;91,63;398;0,18;0,13;08;;;;;0;0;0;0;1;398;7;0;0;;;FEMININO
MORUMBI - JJJ;000055;13.46.0432;15/05/2026;09;73,59;398;0;1;1;0;0;0;0;0;0;0;0;0;0;0;0;0;0;0;0;0;0;0;0;0;0;0;0;0;0;0;0;0;0;0;0;0;0;0;0;0;0;0;0;0;0;0;0;0;0;0;000055;FALSO;SCARF ME - MATRIZ JJJ;SUDESTE;;;FIGURATIVO;ARVORE DA VIDA C 04/26;LENÇO;CETIM DE POLIESTER;X10;90X90;LENÇOS;SCARFME;;PC;FALSO;RG25175;;CHINA;;;PADRAO;;MARROM;FALSO;81,51;398;0,18;0,13;09;;;;;0;0;0;0;1;398;7;0;0;;;FEMININO
MORUMBI - JJJ;000055;13.46.96;17/05/2026;10;10,47;148;0;1;1;0;0;0;0;0;0;0;0;0;0;0;0;0;0;0;0;0;0;0;0;0;0;0;0;0;0;0;0;0;0;0;0;0;0;0;0;0;0;0;0;0;0;0;0;0;0;0;000055;FALSO;SCARF ME - MATRIZ JJJ;SUDESTE;;;PENAS;COCAR 12/19;LENÇO;CETIM DE POLIESTER;C9;50X50;APROVEITAMENTO LENÇO;SCARFME;;PC;VERDADEIRO;68071_VAR600;;SALETE CAJAMAR;;;PADRAO;;MULTICOLOR;FALSO;92,93;148;0,07;0,13;10;;;;;0;0;0;0;1;148;7;0;0;;;FEMININO
MORUMBI - JJJ;000055;13.47.0174;16/05/2026;04;96,21;798;0;1;1;0;0;0;0;0;0;0;0;0;0;0;0;0;0;0;0;0;0;0;0;0;0;0;0;0;0;0;0;0;0;0;0;0;0;0;0;0;0;0;0;0;0;0;0;0;0;0;000055;FALSO;SCARF ME - MATRIZ JJJ;SUDESTE;;;ABSTRATO;ORIENTAL ASTRID C 01/26;LENÇO;MOUSSELINE DE SEDA;X15;60X210;LENÇOS;SCARFME;;PC;FALSO;TH25175;;CHINA;;;PADRAO;;VERDE;FALSO;87,94;798;0,36;0,13;04;;;;;0;0;0;0;1;798;7;0;0;;;FEMININO
MORUMBI - JJJ;000055;13.50.0151;17/05/2026;22;0;128;0;1;1;0;0;0;0;0;0;0;0;0;0;0;0;0;0;0;0;0;0;0;0;0;0;0;0;0;0;0;0;0;0;0;0;0;0;0;0;0;0;0;0;0;0;0;0;0;0;0;000055;FALSO;SCARF ME - MATRIZ JJJ;SUDESTE;;;FLORAL; FLORAL BAMBU 09/2017;LENÇO;CETIM DE POLIESTER;57;50X50;APROVEITAMENTO LENÇO;SCARFME;;PC;FALSO;;;SALETE CAJAMAR;;;PADRAO;;CREME;FALSO;100;128;0,06;0,13;22;;;;;0;0;0;0;1;128;7;0;0;;;FEMININO
MORUMBI - JJJ;000055;13.71.0094;17/05/2026;C6;9,23;198;0;1;1;0;0;0;0;0;0;0;0;0;0;0;0;0;0;0;0;0;0;0;0;0;0;0;0;0;0;0;0;0;0;0;0;0;0;0;0;0;0;0;0;0;0;0;0;0;0;0;000055;FALSO;SCARF ME - MATRIZ JJJ;SUDESTE;;;ANIMAL PRINT;BRASIL ANIMAL PRINT 22;LENÇO;CETIM DE SEDA;M9;40X40;APROVEITAMENTO LENÇO;SCARFME;;PC;FALSO;;;SALETE CAJAMAR;;;PADRAO;;AZUL/AMARELO;FALSO;95,34;198;0,09;0,13;C6;;;;;0;0;0;0;1;198;7;0;0;;;FEMININO
MORUMBI - JJJ;000055;13.71.0454;16/05/2026;40;74,53;868;0;1;1;0;0;0;0;0;0;0;0;0;0;0;0;0;0;0;0;0;0;0;0;0;0;0;0;0;0;0;0;0;0;0;0;0;0;0;0;0;0;0;0;0;0;0;0;0;0;0;000055;FALSO;SCARF ME - MATRIZ JJJ;SUDESTE;;;GEOMETRICO;FORMAS MODULAR C 11/24;LENÇO;CETIM DE SEDA;R7;90X90;LENÇOS;SCARFME;;PC;FALSO;CJ24052;;SALETE CAJAMAR;;;PADRAO;;MARINHO;FALSO;91,41;868;0,4;0,13;40;;;;;0;0;0;0;1;868;7;0;0;;;FEMININO
MORUMBI - JJJ;000055;13.71.0517;16/05/2026;03;56,81;697,99302;0,00698;1;1;0;0;0;0;0;0;0;0;0;0;0;0;0;0;0;0;0;0;0;0;0;0;0;0;0;0;0;0;0;0;0;0;0;0;0;0;0;0;0;0;0;0;0;0;0;0;0;000055;FALSO;SCARF ME - MATRIZ JJJ;SUDESTE;;;FLORAL;MANACA 04/25;LENÇO;CETIM DE SEDA;U7;65X65;LENÇOS;SCARFME;;PC;FALSO;;;SALETE CAJAMAR;;;PADRAO;;AZUL;FALSO;91,86;697,99;0,32;0,13;03;;;;;0;0;0;0;1;697,99;7;0;0;;;FEMININO
MORUMBI - JJJ;000055;13.71.0572;15/05/2026;151;154,34;1198;0;1;1;0;0;0;0;0;0;0;0;0;0;0;0;0;0;0;0;0;0;0;0;0;0;0;0;0;0;0;0;0;0;0;0;0;0;0;0;0;0;0;0;0;0;0;0;0;0;0;000055;FALSO;SCARF ME - MATRIZ JJJ;SUDESTE;;;ARABESCO;BANDANA 11/25;LENÇO;CETIM DE SEDA;T6;110X110;LENÇOS;SCARFME;;PC;FALSO;;;SALETE CAJAMAR;;;PADRAO;;MOCHA;FALSO;87,12;1198;0,55;0,13;151;;;;;0;0;0;0;1;1198;7;0;0;;;FEMININO
MORUMBI - JJJ;000055;13.71.0607;17/05/2026;03;140,31;868;0;1;1;0;0;0;0;0;0;0;0;0;0;0;0;0;0;0;0;0;0;0;0;0;0;0;0;0;0;0;0;0;0;0;0;0;0;0;0;0;0;0;0;0;0;0;0;0;0;0;000055;FALSO;SCARF ME - MATRIZ JJJ;SUDESTE;;;ABSTRATO;GUARDIAO DAS AGUAS C 11/25;LENÇO;CETIM DE SEDA;V9;90X90;LENÇOS;SCARFME;;PC;FALSO;CJ25093;;SALETE CAJAMAR;;;PADRAO;;AZUL;FALSO;83,84;868;0,4;0,13;03;;;;;0;0;0;0;1;868;7;0;0;;;FEMININO
MORUMBI - JJJ;000055;13.71.0661;17/05/2026;107;119,34;898;0;1;1;0;0;0;0;0;0;0;0;0;0;0;0;0;0;0;0;0;0;0;0;0;0;0;0;0;0;0;0;0;0;0;0;0;0;0;0;0;0;0;0;0;0;0;0;0;0;0;000055;FALSO;SCARF ME - MATRIZ JJJ;SUDESTE;;;FIGURATIVO;CABECA DE MOCA C 04/26;LENÇO;CETIM DE SEDA;X10;90X90;LENÇOS;SCARFME;;PC;FALSO;CJ25267;;CHINA;;;PADRAO;;PRETO/OFF WHITE;FALSO;86,71;898;0,41;0,13;107;;;;;0;0;0;0;1;898;7;0;0;;;FEMININO
MORUMBI - JJJ;000055;13.71.0676;15/05/2026;06;150,94;1297,98702;0,01298;1;1;0;0;0;0;0;0;0;0;0;0;0;0;0;0;0;0;0;0;0;0;0;0;0;0;0;0;0;0;0;0;0;0;0;0;0;0;0;0;0;0;0;0;0;0;0;0;0;000055;FALSO;SCARF ME - MATRIZ JJJ;SUDESTE;;;FIGURATIVO;RETRATO JOAO C 01/26;LENÇO;CETIM DE SEDA;X10;110X110;LENÇOS;SCARFME;;PC;FALSO;CJ25268;;CHINA;;;PADRAO;;PRETO;FALSO;88,37;1297,99;0,59;0,13;06;;;;;0;0;0;0;1;1297,99;7;0;0;;;FEMININO
MORUMBI - JJJ;000055;13.71.0677;17/05/2026;06;154,92;954,729622;148,570378;1;1;0;0;0;0;0;0;0;0;0;0;0;0;0;0;0;0;0;0;0;0;0;0;0;0;0;0;0;0;0;0;0;0;0;0;0;0;0;0;0;0;0;0;0;0;0;0;0;000055;FALSO;SCARF ME - MATRIZ JJJ;SUDESTE;;;GEOMETRICO;RABISCO C 03/26;LENÇO;CETIM DE SEDA;X7;110X110;LENÇOS;SCARFME;;PC;FALSO;CJ25243;;CHINA;;;PADRAO;;PRETO;FALSO;83,77;954,73;0,44;0,13;06;;;;;0;0;0;0;1;954,73;7;0;0;;;FEMININO
MORUMBI - JJJ;000055;13.71.0693;15/05/2026;03;119,34;735,76732;162,23268;1;1;0;0;0;0;0;0;0;0;0;0;0;0;0;0;0;0;0;0;0;0;0;0;0;0;0;0;0;0;0;0;0;0;0;0;0;0;0;0;0;0;0;0;0;0;0;0;0;000055;FALSO;SCARF ME - MATRIZ JJJ;SUDESTE;;;FIGURATIVO;NY + FLORES C 04/26;LENÇO;CETIM DE SEDA;X10;90X90;LENÇOS;SCARFME;;PC;FALSO;CJ25294 DOBLEFACE;;CHINA;;;PADRAO;;AZUL;FALSO;83,78;735,77;0,34;0,13;03;;;;;0;0;0;0;1;735,77;7;0;0;;;FEMININO
MORUMBI - JJJ;000055;13.71.0698;17/05/2026;03;111,28;898;0;1;1;0;0;0;0;0;0;0;0;0;0;0;0;0;0;0;0;0;0;0;0;0;0;0;0;0;0;0;0;0;0;0;0;0;0;0;0;0;0;0;0;0;0;0;0;0;0;0;000055;FALSO;SCARF ME - MATRIZ JJJ;SUDESTE;;;GRAVURA;DISTANCIA C 05/26;LENÇO;CETIM DE SEDA;U7;90X90;LENÇOS;SCARFME;;PC;FALSO;TH26007;;CHINA;;;PADRAO;;AZUL;FALSO;87,61;898;0,41;0,13;03;;;;;0;0;0;0;1;898;7;0;0;;;FEMININO
MORUMBI - JJJ;000055;13.B1.0090;15/05/2026;03;44,47;198;0;1;1;0;0;0;0;0;0;0;0;0;0;0;0;0;0;0;0;0;0;0;0;0;0;0;0;0;0;0;0;0;0;0;0;0;0;0;0;0;0;0;0;0;0;0;0;0;0;0;000055;FALSO;SCARF ME - MATRIZ JJJ;SUDESTE;;;GEOMETRICO;NAIPES 08/25;LENÇO;ALGODÃO;V4;65X65;LENÇOS;SCARFME;;PC;FALSO;9B9373/9B9371-300;;SALETE CAJAMAR;;;PADRAO;;AZUL;FALSO;77,54;198;0,09;0,13;03;;;;;0;0;0;0;1;198;7;0;0;;;FEMININO
MORUMBI - JJJ;000055;13.B2.00B4;17/05/2026;47;146,72;948,1;0;1;1;0;0;0;0;0;0;0;0;0;0;0;0;0;0;0;0;0;0;0;0;0;0;0;0;0;0;0;0;0;0;0;0;0;0;0;0;0;0;0;0;0;0;0;0;0;0;0;000055;FALSO;SCARF ME - MATRIZ JJJ;SUDESTE;;;FLORAL;DRACENA C 04/26;LENÇO;LÃ;X7;110X110;LENÇOS;SCARFME;;PC;FALSO;X;;CHINA;;;PADRAO;;PINK;FALSO;84,52;948,1;0,43;0,13;47;;;;;0;0;0;0;1;948,1;7;0;0;;;
MORUMBI - JJJ;000055;45.10.0020;16/05/2026;04;96,21;778;0;1;1;0;0;0;0;0;0;0;0;0;0;0;0;0;0;0;0;0;0;0;0;0;0;0;0;0;0;0;0;0;0;0;0;0;0;0;0;0;0;0;0;0;0;0;0;0;0;0;000055;FALSO;SCARF ME - MATRIZ JJJ;SUDESTE;;;DEGRADE;DEGRADE C12/22;ECHARPE;MOUSSELINE DE SEDA;24;60X210;LENÇOS;SCARFME;;PC;FALSO;972513;;CHINA;;;PADRAO;;VERDE;FALSO;87,63;778;0,36;0,13;04;;;;;0;0;0;0;1;778;7;0;0;;;FEMININO
MORUMBI - JJJ;000055;45.10.0123;15/05/2026;03;96,21;798;0;1;1;0;0;0;0;0;0;0;0;0;0;0;0;0;0;0;0;0;0;0;0;0;0;0;0;0;0;0;0;0;0;0;0;0;0;0;0;0;0;0;0;0;0;0;0;0;0;0;000055;FALSO;SCARF ME - MATRIZ JJJ;SUDESTE;;;FIGURATIVO;BAILARINA CARAJA C 04/26;ECHARPE;MOUSSELINE DE SEDA;X10;60X210;LENÇOS;SCARFME;;PC;FALSO;CJ25293;;CHINA;;;PADRAO;;AZUL;FALSO;87,94;798;0,36;0,13;03;;;;;0;0;0;0;1;798;7;0;0;;;FEMININO
MORUMBI - JJJ;000055;45.14.0047;16/05/2026;10;28,62;328;0;1;1;0;0;0;0;0;0;0;0;0;0;0;0;0;0;0;0;0;0;0;0;0;0;0;0;0;0;0;0;0;0;0;0;0;0;0;0;0;0;0;0;0;0;0;0;0;0;0;000055;FALSO;SCARF ME - MATRIZ JJJ;SUDESTE;;;ABSTRATO;PRAIA 04/23;ECHARPE;MOUSSELINE DE POLIESTER;O6;45X210;LENÇOS;SCARFME;;PC;FALSO;;;SALETE CAJAMAR;;;PADRAO;;MULTICOLOR;FALSO;91,27;328;0,15;0,13;10;;;;;0;0;0;0;1;328;7;0;0;;;FEMININO
MORUMBI - JJJ;000055;45.14.0083;16/05/2026;11;31,03;328;0;1;1;0;0;0;0;0;0;0;0;0;0;0;0;0;0;0;0;0;0;0;0;0;0;0;0;0;0;0;0;0;0;0;0;0;0;0;0;0;0;0;0;0;0;0;0;0;0;0;000055;FALSO;SCARF ME - MATRIZ JJJ;SUDESTE;;;ANIMAL PRINT;COWPRINT 11/24;ECHARPE;MOUSSELINE DE POLIESTER;T6;45X210;LENÇOS;SCARFME;;PC;FALSO;;;SALETE CAJAMAR;;;PADRAO;;LARANJA;FALSO;90,54;328;0,15;0,13;11;;;;;0;0;0;0;1;328;7;0;0;;;FEMININO
MORUMBI - JJJ;000055;45.14.0092;17/05/2026;04;31,03;328;0;1;1;0;0;0;0;0;0;0;0;0;0;0;0;0;0;0;0;0;0;0;0;0;0;0;0;0;0;0;0;0;0;0;0;0;0;0;0;0;0;0;0;0;0;0;0;0;0;0;000055;FALSO;SCARF ME - MATRIZ JJJ;SUDESTE;;;FLORAL;ACOLHER 03/25;ECHARPE;MOUSSELINE DE POLIESTER;U6;45X210;LENÇOS;SCARFME;;PC;FALSO;;;SALETE CAJAMAR;;;PADRAO;;VERDE;FALSO;90,54;328;0,15;0,13;04;;;;;0;0;0;0;1;328;7;0;0;;;FEMININO
MORUMBI - JJJ;000055;45.14.565;16/05/2026;10;28,63;328;0;1;1;0;0;0;0;0;0;0;0;0;0;0;0;0;0;0;0;0;0;0;0;0;0;0;0;0;0;0;0;0;0;0;0;0;0;0;0;0;0;0;0;0;0;0;0;0;0;0;000055;FALSO;SCARF ME - MATRIZ JJJ;SUDESTE;;;PENAS AQUARELA; PENAS 03/20;ECHARPE;MOUSSELINE DE POLIESTER;B6;45X210;LENÇOS;SCARFME;;PC;VERDADEIRO;68498 VAR 600;;SALETE CAJAMAR;;;PADRAO;;MULTICOLOR;FALSO;91,27;328;0,15;0,13;10;;;;;0;0;0;0;1;328;7;0;0;;;FEMININO
MORUMBI - JJJ;000055;A3.43.0044;15/05/2026;14;10,47;162,22932;35,77068;1;1;0;0;0;0;0;0;0;0;0;0;0;0;0;0;0;0;0;0;0;0;0;0;0;0;0;0;0;0;0;0;0;0;0;0;0;0;0;0;0;0;0;0;0;0;0;0;0;000055;FALSO;SCARF ME - MATRIZ JJJ;SUDESTE;;;FLORAL;KIT DANI FERNANDES 04/26;KIT;LENÇO +  BODY SPLASH;X9;UNICO;LENÇOS;SCARFME;;PC;FALSO;;;SALETE CAJAMAR;;;PADRAO;;VINHO;FALSO;93,55;162,23;0,07;0,13;14;;;;;0;0;0;0;1;162,23;7;0;0;;;FEMININO
MORUMBI - JJJ;000055;A3.43.0044;17/05/2026;14;10,47;171,33732;26,66268;1;1;0;0;0;0;0;0;0;0;0;0;0;0;0;0;0;0;0;0;0;0;0;0;0;0;0;0;0;0;0;0;0;0;0;0;0;0;0;0;0;0;0;0;0;0;0;0;0;000055;FALSO;SCARF ME - MATRIZ JJJ;SUDESTE;;;FLORAL;KIT DANI FERNANDES 04/26;KIT;LENÇO +  BODY SPLASH;X9;UNICO;LENÇOS;SCARFME;;PC;FALSO;;;SALETE CAJAMAR;;;PADRAO;;VINHO;FALSO;93,89;171,34;0,08;0,13;14;;;;;0;0;0;0;1;171,34;7;0;0;;;FEMININO
MORUMBI - JJJ;000055;A3.44.0045;15/05/2026;01;0,02;0,0199999;0,0000001;2;2;0;0;0;0;0;0;0;0;0;0;0;0;0;0;0;0;0;0;0;0;0;0;0;0;0;0;0;0;0;0;0;0;0;0;0;0;0;0;0;0;0;0;0;0;0;0;0;000055;FALSO;SCARF ME - MATRIZ JJJ;SUDESTE;;;PERSONALILZADO;KIT GRAPE ZIEL 05/26;KIT;HIDRATANTE + OLEO;X13;UNICO;PROMOCIONAIS;SCARFME;;PC;FALSO;;;SALETE CAJAMAR;;;PADRAO;;BRANCO;FALSO;0;0,01;0;0,26;01;;;;;0;0;0;0;2;0,02;7;0;0;;;FEMININO
MORUMBI - JJJ;000055;I5.01.0002;15/05/2026;14;0,01;0,0081934;0,0018066;1;1;0;0;0;0;0;0;0;0;0;0;0;0;0;0;0;0;0;0;0;0;0;0;0;0;0;0;0;0;0;0;0;0;0;0;0;0;0;0;0;0;0;0;0;0;0;0;0;000055;FALSO;SCARF ME - MATRIZ JJJ;SUDESTE;;;VIDRO;VINHO FRIDA KAHLO 05/26;VINHO;GRAND CRU;X13;UNICO;PARCERIAS;SCARFME;;PC;FALSO;;;SALETE;;;PADRAO;;VINHO;FALSO;0;0,01;0;0,13;14;;;;;0;0;0;0;1;0,01;7;0;0;;;FEMININO
MORUMBI - JJJ;000055;I5.01.0002;16/05/2026;14;0,01;0,0099999;0,0000001;1;1;0;0;0;0;0;0;0;0;0;0;0;0;0;0;0;0;0;0;0;0;0;0;0;0;0;0;0;0;0;0;0;0;0;0;0;0;0;0;0;0;0;0;0;0;0;0;0;000055;FALSO;SCARF ME - MATRIZ JJJ;SUDESTE;;;VIDRO;VINHO FRIDA KAHLO 05/26;VINHO;GRAND CRU;X13;UNICO;PARCERIAS;SCARFME;;PC;FALSO;;;SALETE;;;PADRAO;;VINHO;FALSO;0;0,01;0;0,13;14;;;;;0;0;0;0;1;0,01;7;0;0;;;FEMININO
OSCAR FREIRE - FSZ;000062;07.06.0002;15/05/2026;06;49,98;229,6;98,4;1;1;0;0;0;0;0;0;0;0;0;0;0;0;0;0;0;0;0;0;0;0;0;0;0;0;0;0;0;0;0;0;0;0;0;0;0;0;0;0;0;0;0;0;0;0;0;0;0;000062;FALSO;SCARF ME - MATRIZ FSZ;SUDESTE;;;LISO;PASHMINA LISA VISCOSE *;PASHMINA;VISCOSE (PASHMINA);48;70X180;PASHMINA;SCARFME;;PC;FALSO;;;LE SOUK;;;PADRAO;;PRETO;FALSO;78,23;229,6;0,11;0,13;06;;;;;0;0;0;0;1;229,6;4;0;0;;;FEMININO
OSCAR FREIRE - FSZ;000062;07.06.0002;15/05/2026;28;49,98;229,6;98,4;1;1;0;0;0;0;0;0;0;0;0;0;0;0;0;0;0;0;0;0;0;0;0;0;0;0;0;0;0;0;0;0;0;0;0;0;0;0;0;0;0;0;0;0;0;0;0;0;0;000062;FALSO;SCARF ME - MATRIZ FSZ;SUDESTE;;;LISO;PASHMINA LISA VISCOSE *;PASHMINA;VISCOSE (PASHMINA);48;70X180;PASHMINA;SCARFME;;PC;FALSO;;;LE SOUK;;;PADRAO;;AREIA;FALSO;78,23;229,6;0,11;0,13;28;;;;;0;0;0;0;1;229,6;4;0;0;;;FEMININO
OSCAR FREIRE - FSZ;000062;07.06.0002;15/05/2026;B4;49,98;229,6;98,4;1;1;0;0;0;0;0;0;0;0;0;0;0;0;0;0;0;0;0;0;0;0;0;0;0;0;0;0;0;0;0;0;0;0;0;0;0;0;0;0;0;0;0;0;0;0;0;0;0;000062;FALSO;SCARF ME - MATRIZ FSZ;SUDESTE;;;LISO;PASHMINA LISA VISCOSE *;PASHMINA;VISCOSE (PASHMINA);48;70X180;PASHMINA;SCARFME;;PC;FALSO;;;LE SOUK;;;PADRAO;;VERDE MILITAR;FALSO;78,23;229,6;0,11;0,13;B4;;;;;0;0;0;0;1;229,6;4;0;0;;;FEMININO
OSCAR FREIRE - FSZ;000062;07.06.0002;16/05/2026;03;49,98;246;82;1;1;0;0;0;0;0;0;0;0;0;0;0;0;0;0;0;0;0;0;0;0;0;0;0;0;0;0;0;0;0;0;0;0;0;0;0;0;0;0;0;0;0;0;0;0;0;0;0;000062;FALSO;SCARF ME - MATRIZ FSZ;SUDESTE;;;LISO;PASHMINA LISA VISCOSE *;PASHMINA;VISCOSE (PASHMINA);48;70X180;PASHMINA;SCARFME;;PC;FALSO;;;LE SOUK;;;PADRAO;;AZUL;FALSO;79,68;246;0,11;0,13;03;;;;;0;0;0;0;1;246;4;0;0;;;FEMININO
OSCAR FREIRE - FSZ;000062;07.06.0002;16/05/2026;12;49,98;246;82;1;1;0;0;0;0;0;0;0;0;0;0;0;0;0;0;0;0;0;0;0;0;0;0;0;0;0;0;0;0;0;0;0;0;0;0;0;0;0;0;0;0;0;0;0;0;0;0;0;000062;FALSO;SCARF ME - MATRIZ FSZ;SUDESTE;;;LISO;PASHMINA LISA VISCOSE *;PASHMINA;VISCOSE (PASHMINA);48;70X180;PASHMINA;SCARFME;;PC;FALSO;;;LE SOUK;;;PADRAO;;AZUL TURQUESA;FALSO;79,68;246;0,11;0,13;12;;;;;0;0;0;0;1;246;4;0;0;;;FEMININO
OSCAR FREIRE - FSZ;000062;07.06.0002;16/05/2026;26;49,98;246;82;1;1;0;0;0;0;0;0;0;0;0;0;0;0;0;0;0;0;0;0;0;0;0;0;0;0;0;0;0;0;0;0;0;0;0;0;0;0;0;0;0;0;0;0;0;0;0;0;0;000062;FALSO;SCARF ME - MATRIZ FSZ;SUDESTE;;;LISO;PASHMINA LISA VISCOSE *;PASHMINA;VISCOSE (PASHMINA);48;70X180;PASHMINA;SCARFME;;PC;FALSO;;;LE SOUK;;;PADRAO;;CHOCOLATE;FALSO;79,68;246;0,11;0,13;26;;;;;0;0;0;0;1;246;4;0;0;;;FEMININO
OSCAR FREIRE - FSZ;000062;07.06.0002;16/05/2026;30;99,96;492;164;2;2;0;0;0;0;0;0;0;0;0;0;0;0;0;0;0;0;0;0;0;0;0;0;0;0;0;0;0;0;0;0;0;0;0;0;0;0;0;0;0;0;0;0;0;0;0;0;0;000062;FALSO;SCARF ME - MATRIZ FSZ;SUDESTE;;;LISO;PASHMINA LISA VISCOSE *;PASHMINA;VISCOSE (PASHMINA);48;70X180;PASHMINA;SCARFME;;PC;FALSO;;;LE SOUK;;;PADRAO;;JEANS;FALSO;79,68;246;0,23;0,26;30;;;;;0;0;0;0;2;492;4;0;0;;;FEMININO
OSCAR FREIRE - FSZ;000062;07.06.0002;16/05/2026;34;49,98;246;82;1;1;0;0;0;0;0;0;0;0;0;0;0;0;0;0;0;0;0;0;0;0;0;0;0;0;0;0;0;0;0;0;0;0;0;0;0;0;0;0;0;0;0;0;0;0;0;0;0;000062;FALSO;SCARF ME - MATRIZ FSZ;SUDESTE;;;LISO;PASHMINA LISA VISCOSE *;PASHMINA;VISCOSE (PASHMINA);48;70X180;PASHMINA;SCARFME;;PC;FALSO;;;LE SOUK;;;PADRAO;;MENTA;FALSO;79,68;246;0,11;0,13;34;;;;;0;0;0;0;1;246;4;0;0;;;FEMININO
OSCAR FREIRE - FSZ;000062;07.06.0002;16/05/2026;38;49,98;246;82;1;1;0;0;0;0;0;0;0;0;0;0;0;0;0;0;0;0;0;0;0;0;0;0;0;0;0;0;0;0;0;0;0;0;0;0;0;0;0;0;0;0;0;0;0;0;0;0;0;000062;FALSO;SCARF ME - MATRIZ FSZ;SUDESTE;;;LISO;PASHMINA LISA VISCOSE *;PASHMINA;VISCOSE (PASHMINA);48;70X180;PASHMINA;SCARFME;;PC;FALSO;;;LE SOUK;;;PADRAO;;PRATA;FALSO;79,68;246;0,11;0,13;38;;;;;0;0;0;0;1;246;4;0;0;;;FEMININO
OSCAR FREIRE - FSZ;000062;07.06.0002;16/05/2026;44;49,98;246;82;1;1;0;0;0;0;0;0;0;0;0;0;0;0;0;0;0;0;0;0;0;0;0;0;0;0;0;0;0;0;0;0;0;0;0;0;0;0;0;0;0;0;0;0;0;0;0;0;0;000062;FALSO;SCARF ME - MATRIZ FSZ;SUDESTE;;;LISO;PASHMINA LISA VISCOSE *;PASHMINA;VISCOSE (PASHMINA);48;70X180;PASHMINA;SCARFME;;PC;FALSO;;;LE SOUK;;;PADRAO;;ROSA CLARO;FALSO;79,68;246;0,11;0,13;44;;;;;0;0;0;0;1;246;4;0;0;;;FEMININO
OSCAR FREIRE - FSZ;000062;07.06.0002;16/05/2026;84;49,98;246;82;1;1;0;0;0;0;0;0;0;0;0;0;0;0;0;0;0;0;0;0;0;0;0;0;0;0;0;0;0;0;0;0;0;0;0;0;0;0;0;0;0;0;0;0;0;0;0;0;0;000062;FALSO;SCARF ME - MATRIZ FSZ;SUDESTE;;;LISO;PASHMINA LISA VISCOSE *;PASHMINA;VISCOSE (PASHMINA);48;70X180;PASHMINA;SCARFME;;PC;FALSO;;;LE SOUK;;;PADRAO;;PISCINA;FALSO;79,68;246;0,11;0,13;84;;;;;0;0;0;0;1;246;4;0;0;;;FEMININO
OSCAR FREIRE - FSZ;000062;07.06.0002;16/05/2026;B1;49,98;246;82;1;1;0;0;0;0;0;0;0;0;0;0;0;0;0;0;0;0;0;0;0;0;0;0;0;0;0;0;0;0;0;0;0;0;0;0;0;0;0;0;0;0;0;0;0;0;0;0;0;000062;FALSO;SCARF ME - MATRIZ FSZ;SUDESTE;;;LISO;PASHMINA LISA VISCOSE *;PASHMINA;VISCOSE (PASHMINA);48;70X180;PASHMINA;SCARFME;;PC;FALSO;;;LE SOUK;;;PADRAO;;VERDE FOLHA;FALSO;79,68;246;0,11;0,13;B1;;;;;0;0;0;0;1;246;4;0;0;;;FEMININO
OSCAR FREIRE - FSZ;000062;07.97.101;15/05/2026;26;251,89;749;0;1;1;0;0;0;0;0;0;0;0;0;0;0;0;0;0;0;0;0;0;0;0;0;0;0;0;0;0;0;0;0;0;0;0;0;0;0;0;0;0;0;0;0;0;0;0;0;0;0;000062;FALSO;SCARF ME - MATRIZ FSZ;SUDESTE;;;CASHMERE;CASHMERE BABY 03/20*;PASHMINA;100% CASHMERE;90;75X200;INDIA;SCARFME;;PC;FALSO;;;SALETE CAJAMAR;;;PADRAO;;CHOCOLATE;FALSO;66,37;749;0,34;0,13;26;;;;;0;0;0;0;1;749;4;0;0;;;FEMININO
OSCAR FREIRE - FSZ;000062;07.97.101;15/05/2026;70;251,89;749;0;1;1;0;0;0;0;0;0;0;0;0;0;0;0;0;0;0;0;0;0;0;0;0;0;0;0;0;0;0;0;0;0;0;0;0;0;0;0;0;0;0;0;0;0;0;0;0;0;0;000062;FALSO;SCARF ME - MATRIZ FSZ;SUDESTE;;;CASHMERE;CASHMERE BABY 03/20*;PASHMINA;100% CASHMERE;90;75X200;INDIA;SCARFME;;PC;FALSO;;;SALETE CAJAMAR;;;PADRAO;;AZUL ROYAL;FALSO;66,37;749;0,34;0,13;70;;;;;0;0;0;0;1;749;4;0;0;;;FEMININO
OSCAR FREIRE - FSZ;000062;07.A1.00A5;15/05/2026;107;19;342,72;60,48;1;1;0;0;0;0;0;0;0;0;0;0;0;0;0;0;0;0;0;0;0;0;0;0;0;0;0;0;0;0;0;0;0;0;0;0;0;0;0;0;0;0;0;0;0;0;0;0;0;000062;FALSO;SCARF ME - MATRIZ FSZ;SUDESTE;;;GEOMETRICO;PASHMINA EM ACRÍLICO 06/23;PASHMINA;100% ACRILICO;P2;70 X 200;PASHMINA;SCARFME;;PC;FALSO;;;SALETE CAJAMAR;;;PADRAO;;PRETO/OFF WHITE;FALSO;94,46;342,72;0,16;0,13;107;;;;;0;0;0;0;1;342,72;4;0;0;;;FEMININO
OSCAR FREIRE - FSZ;000062;07.A1.00B3;17/05/2026;104;66,58;425,6;22,4;1;1;0;0;0;0;0;0;0;0;0;0;0;0;0;0;0;0;0;0;0;0;0;0;0;0;0;0;0;0;0;0;0;0;0;0;0;0;0;0;0;0;0;0;0;0;0;0;0;000062;FALSO;SCARF ME - MATRIZ FSZ;SUDESTE;;;LISO;PASHMINA LISA TOQUE DE LA 06/24;PASHMINA;100% ACRILICO;48;70X180;PASHMINA;SCARFME;;PC;FALSO;;;SALETE CAJAMAR;;;PADRAO;;VERDE BANDEIRA;FALSO;84,36;425,6;0,19;0,13;104;;;;;0;0;0;0;1;425,6;4;0;0;;;FEMININO
OSCAR FREIRE - FSZ;000062;07.A1.00B5;16/05/2026;06;41,85;448;0;1;1;0;0;0;0;0;0;0;0;0;0;0;0;0;0;0;0;0;0;0;0;0;0;0;0;0;0;0;0;0;0;0;0;0;0;0;0;0;0;0;0;0;0;0;0;0;0;0;000062;FALSO;SCARF ME - MATRIZ FSZ;SUDESTE;;;ACRILICO;PASHMINA LISA EM ACRILICO 04/25;PASHMINA;100% ACRILICO;U9;65X180;PASHMINA;SCARFME;;PC;FALSO;;;SALETE CAJAMAR;;;PADRAO;;PRETO;FALSO;90,66;448;0,2;0,13;06;;;;;0;0;0;0;1;448;4;0;0;;;FEMININO
OSCAR FREIRE - FSZ;000062;07.A5.01;16/05/2026;S2;158,94;1115,51566;382,48434;1;1;0;0;0;0;0;0;0;0;0;0;0;0;0;0;0;0;0;0;0;0;0;0;0;0;0;0;0;0;0;0;0;0;0;0;0;0;0;0;0;0;0;0;0;0;0;0;0;000062;FALSO;SCARF ME - MATRIZ FSZ;SUDESTE;;;FUN;ZARI DUPLA FACE 08/21;PASHMINA;CASHMERE/SEDA;90;75X200;INDIA;SCARFME;;PC;FALSO;;;SALETE CAJAMAR;;;PADRAO;;VERDE PISTACHE;FALSO;85,75;1115,52;0,51;0,13;S2;;;;;0;0;0;0;1;1115,52;4;0;0;;;FEMININO
OSCAR FREIRE - FSZ;000062;13.46.0120;15/05/2026;04;10,47;99;0;1;1;0;0;0;0;0;0;0;0;0;0;0;0;0;0;0;0;0;0;0;0;0;0;0;0;0;0;0;0;0;0;0;0;0;0;0;0;0;0;0;0;0;0;0;0;0;0;0;000062;FALSO;SCARF ME - MATRIZ FSZ;SUDESTE;;;FOLHAGEM;ALEGORIA 02/23;LENÇO;CETIM DE POLIESTER;P1;50X50;APROVEITAMENTO LENÇO;SCARFME;;PC;FALSO;;;SALETE CAJAMAR;;;PADRAO;;VERDE;FALSO;89,42;99;0,05;0,13;04;;;;;0;0;0;0;1;99;4;0;0;;;FEMININO
OSCAR FREIRE - FSZ;000062;13.46.0123;15/05/2026;107;10,47;99;0;1;0;0;0;0;0;0;0;0;0;0;0;0;0;0;0;0;0;0;0;0;0;0;0;0;0;0;0;0;0;0;0;0;0;0;0;0;0;0;0;0;0;0;0;0;0;0;0;0;000062;FALSO;SCARF ME - MATRIZ FSZ;SUDESTE;;;FLORAL;EMPODERE-SE 03/23;LENÇO;CETIM DE POLIESTER;O5;50X50;APROVEITAMENTO LENÇO;SCARFME;;PC;FALSO;;;SALETE CAJAMAR;;;PADRAO;;PRETO/OFF WHITE;FALSO;0;99;0;0;107;;;;;1;99;0;10,47;0;0;4;0;0;;;FEMININO
OSCAR FREIRE - FSZ;000062;13.46.0123;16/05/2026;107;10,47;99;0;1;1;0;0;0;0;0;0;0;0;0;0;0;0;0;0;0;0;0;0;0;0;0;0;0;0;0;0;0;0;0;0;0;0;0;0;0;0;0;0;0;0;0;0;0;0;0;0;0;000062;FALSO;SCARF ME - MATRIZ FSZ;SUDESTE;;;FLORAL;EMPODERE-SE 03/23;LENÇO;CETIM DE POLIESTER;O5;50X50;APROVEITAMENTO LENÇO;SCARFME;;PC;FALSO;;;SALETE CAJAMAR;;;PADRAO;;PRETO/OFF WHITE;FALSO;89,42;99;0,05;0,13;107;;;;;0;0;0;0;1;99;4;0;0;;;FEMININO
OSCAR FREIRE - FSZ;000062;13.46.0130;16/05/2026;13;10,47;99;0;1;0;0;0;0;0;0;0;0;0;0;0;0;0;0;0;0;0;0;0;0;0;0;0;0;0;0;0;0;0;0;0;0;0;0;0;0;0;0;0;0;0;0;0;0;0;0;0;0;000062;FALSO;SCARF ME - MATRIZ FSZ;SUDESTE;;;FLORAL;MARBLE FLOWERS 04/23;LENÇO;CETIM DE POLIESTER;P5;50X50;APROVEITAMENTO LENÇO;SCARFME;;PC;FALSO;;;SALETE CAJAMAR;;;PADRAO;;OFF WHITE;FALSO;0;99;0;0;13;;;;;1;99;0;10,47;0;0;4;0;0;;;FEMININO
OSCAR FREIRE - FSZ;000062;13.46.0130;16/05/2026;35;10,47;99;0;1;1;0;0;0;0;0;0;0;0;0;0;0;0;0;0;0;0;0;0;0;0;0;0;0;0;0;0;0;0;0;0;0;0;0;0;0;0;0;0;0;0;0;0;0;0;0;0;0;000062;FALSO;SCARF ME - MATRIZ FSZ;SUDESTE;;;FLORAL;MARBLE FLOWERS 04/23;LENÇO;CETIM DE POLIESTER;P5;50X50;APROVEITAMENTO LENÇO;SCARFME;;PC;FALSO;;;SALETE CAJAMAR;;;PADRAO;;BORDEAUX;FALSO;89,42;99;0,05;0,13;35;;;;;0;0;0;0;1;99;4;0;0;;;FEMININO
OSCAR FREIRE - FSZ;000062;13.46.0132;15/05/2026;03;10,47;99;0;1;1;0;0;0;0;0;0;0;0;0;0;0;0;0;0;0;0;0;0;0;0;0;0;0;0;0;0;0;0;0;0;0;0;0;0;0;0;0;0;0;0;0;0;0;0;0;0;0;000062;FALSO;SCARF ME - MATRIZ FSZ;SUDESTE;;;GEOMETRICO;MODERN DUBAI 04/23;LENÇO;CETIM DE POLIESTER;P5;50X50;APROVEITAMENTO LENÇO;SCARFME;;PC;FALSO;;;SALETE CAJAMAR;;;PADRAO;;AZUL;FALSO;89,42;99;0,05;0,13;03;;;;;0;0;0;0;1;99;4;0;0;;;FEMININO
OSCAR FREIRE - FSZ;000062;13.46.0151;15/05/2026;42;10,47;99;0;1;1;0;0;0;0;0;0;0;0;0;0;0;0;0;0;0;0;0;0;0;0;0;0;0;0;0;0;0;0;0;0;0;0;0;0;0;0;0;0;0;0;0;0;0;0;0;0;0;000062;FALSO;SCARF ME - MATRIZ FSZ;SUDESTE;;;FLORAL;RAMOS DE PURPURA 06/23;LENÇO;CETIM DE POLIESTER;O9;50X50;APROVEITAMENTO LENÇO;SCARFME;;PC;FALSO;;;SALETE CAJAMAR;;;PADRAO;;NUDE;FALSO;89,42;99;0,05;0,13;42;;;;;0;0;0;0;1;99;4;0;0;;;FEMININO
OSCAR FREIRE - FSZ;000062;13.46.0244;16/05/2026;90;10,47;99;0;1;1;0;0;0;0;0;0;0;0;0;0;0;0;0;0;0;0;0;0;0;0;0;0;0;0;0;0;0;0;0;0;0;0;0;0;0;0;0;0;0;0;0;0;0;0;0;0;0;000062;FALSO;SCARF ME - MATRIZ FSZ;SUDESTE;;;FLORAL;PODERIO 03/24;LENÇO;CETIM DE POLIESTER;R6;50X50;DESCONTINUADO;SCARFME;;PC;FALSO;;;SALETE CAJAMAR;;;PADRAO;;MAGENTA;FALSO;89,42;99;0,05;0,13;90;;;;;0;0;0;0;1;99;4;0;0;;;FEMININO
OSCAR FREIRE - FSZ;000062;13.46.0273;15/05/2026;03;10,47;99;0;1;1;0;0;0;0;0;0;0;0;0;0;0;0;0;0;0;0;0;0;0;0;0;0;0;0;0;0;0;0;0;0;0;0;0;0;0;0;0;0;0;0;0;0;0;0;0;0;0;000062;FALSO;SCARF ME - MATRIZ FSZ;SUDESTE;;;GEOMETRICO;GEOMETRICO CONCEITUAL 07/24;LENÇO;CETIM DE POLIESTER;R7;50X50;APROVEITAMENTO LENÇO;SCARFME;;PC;FALSO;;;SALETE CAJAMAR;;;PADRAO;;AZUL;FALSO;89,42;99;0,05;0,13;03;;;;;0;0;0;0;1;99;4;0;0;;;FEMININO
OSCAR FREIRE - FSZ;000062;13.46.0305;16/05/2026;18;20,94;247;0;2;2;0;0;0;0;0;0;0;0;0;0;0;0;0;0;0;0;0;0;0;0;0;0;0;0;0;0;0;0;0;0;0;0;0;0;0;0;0;0;0;0;0;0;0;0;0;0;0;000062;FALSO;SCARF ME - MATRIZ FSZ;SUDESTE;;;BICHO;MANDALA DO CERRADO 11/24;LENÇO;CETIM DE POLIESTER;T4;50X50;APROVEITAMENTO LENÇO;SCARFME;;PC;FALSO;;;SALETE CAJAMAR;;;PADRAO;;ROXO;FALSO;91,52;123,5;0,11;0,26;18;;;;;0;0;0;0;2;247;4;0;0;;;FEMININO
OSCAR FREIRE - FSZ;000062;13.46.0432;15/05/2026;09;73,59;313,58022;84,41978;1;1;0;0;0;0;0;0;0;0;0;0;0;0;0;0;0;0;0;0;0;0;0;0;0;0;0;0;0;0;0;0;0;0;0;0;0;0;0;0;0;0;0;0;0;0;0;0;0;000062;FALSO;SCARF ME - MATRIZ FSZ;SUDESTE;;;FIGURATIVO;ARVORE DA VIDA C 04/26;LENÇO;CETIM DE POLIESTER;X10;90X90;LENÇOS;SCARFME;;PC;FALSO;RG25175;;CHINA;;;PADRAO;;MARROM;FALSO;76,53;313,58;0,14;0,13;09;;;;;0;0;0;0;1;313,58;4;0;0;;;FEMININO
OSCAR FREIRE - FSZ;000062;13.46.119;16/05/2026;06;10,47;99;0;1;0;0;0;0;0;0;0;0;0;0;0;0;0;0;0;0;0;0;0;0;0;0;0;0;0;0;0;0;0;0;0;0;0;0;0;0;0;0;0;0;0;0;0;0;0;0;0;0;000062;FALSO;SCARF ME - MATRIZ FSZ;SUDESTE;;;FLORAL;DANIELA 12/19;LENÇO;CETIM DE POLIESTER;C9;50X50;APROVEITAMENTO LENÇO;SCARFME;;PC;VERDADEIRO;68188_VAR600;;SALETE CAJAMAR;;;PADRAO;;PRETO;FALSO;0;99;0;0;06;;;;;1;99;0;10,47;0;0;4;0;0;;;FEMININO
OSCAR FREIRE - FSZ;000062;13.46.197;16/05/2026;01;10,47;99;0;1;1;0;0;0;0;0;0;0;0;0;0;0;0;0;0;0;0;0;0;0;0;0;0;0;0;0;0;0;0;0;0;0;0;0;0;0;0;0;0;0;0;0;0;0;0;0;0;0;000062;FALSO;SCARF ME - MATRIZ FSZ;SUDESTE;;;BICHO;YASMIN FLORAL 08/20;LENÇO;CETIM DE POLIESTER;G7;50X50;APROVEITAMENTO LENÇO;SCARFME;;PC;FALSO;;;SALETE CAJAMAR;;;PADRAO;;BRANCO;FALSO;89,42;99;0,05;0,13;01;;;;;0;0;0;0;1;99;4;0;0;;;FEMININO
OSCAR FREIRE - FSZ;000062;13.46.229;15/05/2026;03;10,47;99;0;1;1;0;0;0;0;0;0;0;0;0;0;0;0;0;0;0;0;0;0;0;0;0;0;0;0;0;0;0;0;0;0;0;0;0;0;0;0;0;0;0;0;0;0;0;0;0;0;0;000062;FALSO;SCARF ME - MATRIZ FSZ;SUDESTE;;;MANDALA;BANDANA;LENÇO;CETIM DE POLIESTER;H7;50X50;APROVEITAMENTO LENÇO;SCARFME;;PC;FALSO;973374V601;;SALETE CAJAMAR;;;PADRAO;;AZUL;FALSO;89,42;99;0,05;0,13;03;;;;;0;0;0;0;1;99;4;0;0;;;FEMININO
OSCAR FREIRE - FSZ;000062;13.46.234;17/05/2026;97;10,47;99,00016;48,99984;1;1;0;0;0;0;0;0;0;0;0;0;0;0;0;0;0;0;0;0;0;0;0;0;0;0;0;0;0;0;0;0;0;0;0;0;0;0;0;0;0;0;0;0;0;0;0;0;0;000062;FALSO;SCARF ME - MATRIZ FSZ;SUDESTE;;;MANDALA;MANDALA CASHMERE 11/20;LENÇO;CETIM DE POLIESTER;H7;50X50;APROVEITAMENTO LENÇO;SCARFME;;PC;FALSO;973376V600;;SALETE CAJAMAR;;;PADRAO;;FERRUGEM;FALSO;89,42;99;0,05;0,13;97;;;;;0;0;0;0;1;99;4;0;0;;;FEMININO
OSCAR FREIRE - FSZ;000062;13.46.263;16/05/2026;10;20,94;217,4;0;2;2;0;0;0;0;0;0;0;0;0;0;0;0;0;0;0;0;0;0;0;0;0;0;0;0;0;0;0;0;0;0;0;0;0;0;0;0;0;0;0;0;0;0;0;0;0;0;0;000062;FALSO;SCARF ME - MATRIZ FSZ;SUDESTE;;;FOLHAGEM;NEIVA 12/20;LENÇO;CETIM DE POLIESTER;H6;50X50;APROVEITAMENTO LENÇO;SCARFME;;PC;FALSO;;;SALETE CAJAMAR;;;PADRAO;;MULTICOLOR;FALSO;90,37;108,7;0,1;0,26;10;;;;;0;0;0;0;2;217,4;4;0;0;;;FEMININO
OSCAR FREIRE - FSZ;000062;13.46.298;17/05/2026;10;10,47;99,00016;48,99984;1;1;0;0;0;0;0;0;0;0;0;0;0;0;0;0;0;0;0;0;0;0;0;0;0;0;0;0;0;0;0;0;0;0;0;0;0;0;0;0;0;0;0;0;0;0;0;0;0;000062;FALSO;SCARF ME - MATRIZ FSZ;SUDESTE;;;FLORAL;FLORA LIGHT 03/21;LENÇO;CETIM DE POLIESTER;I5;50X50;APROVEITAMENTO LENÇO;SCARFME;;PC;FALSO;;;SALETE CAJAMAR;;;PADRAO;;MULTICOLOR;FALSO;89,42;99;0,05;0,13;10;;;;;0;0;0;0;1;99;4;0;0;;;FEMININO
OSCAR FREIRE - FSZ;000062;13.47.0165;15/05/2026;03;66,88;717,41796;230,58204;1;1;0;0;0;0;0;0;0;0;0;0;0;0;0;0;0;0;0;0;0;0;0;0;0;0;0;0;0;0;0;0;0;0;0;0;0;0;0;0;0;0;0;0;0;0;0;0;0;000062;FALSO;SCARF ME - MATRIZ FSZ;SUDESTE;;;PAISAGEM;PORTO I 1953 C 01/26;LENÇO;MOUSSELINE DE SEDA;U7;130X130;LENÇOS;SCARFME;;PC;FALSO;RG25058;;SALETE CAJAMAR;;;PADRAO;;AZUL;FALSO;90,68;717,42;0,33;0,13;03;;;;;0;0;0;0;1;717,42;4;0;0;;;FEMININO
OSCAR FREIRE - FSZ;000062;13.71.0393;16/05/2026;03;61,32;698;0;1;1;0;0;0;0;0;0;0;0;0;0;0;0;0;0;0;0;0;0;0;0;0;0;0;0;0;0;0;0;0;0;0;0;0;0;0;0;0;0;0;0;0;0;0;0;0;0;0;000062;FALSO;SCARF ME - MATRIZ FSZ;SUDESTE;;;FLORAL;GRAND MOSQUE C 08/24;LENÇO;CETIM DE SEDA;E9;65X65;LENÇOS;SCARFME;;PC;FALSO;HE23035-65;;CHINA;;;PADRAO;;AZUL;FALSO;91,21;698;0,32;0,13;03;;;;;0;0;0;0;1;698;4;0;0;;;FEMININO
OSCAR FREIRE - FSZ;000062;13.71.0455;16/05/2026;05;119,34;763,3;0;1;1;0;0;0;0;0;0;0;0;0;0;0;0;0;0;0;0;0;0;0;0;0;0;0;0;0;0;0;0;0;0;0;0;0;0;0;0;0;0;0;0;0;0;0;0;0;0;0;000062;FALSO;SCARF ME - MATRIZ FSZ;SUDESTE;;;GEOMETRICO;GEOMETRICO CONCEITUAL C11/24;LENÇO;CETIM DE SEDA;R7;90X90;LENÇOS;SCARFME;;PC;FALSO;CJ24053;;CHINA;;;PADRAO;;VERMELHO;FALSO;84,37;763,3;0,35;0,13;05;;;;;0;0;0;0;1;763,3;4;0;0;;;
OSCAR FREIRE - FSZ;000062;13.71.0592;16/05/2026;03;119,34;763,3;134,7;1;1;0;0;0;0;0;0;0;0;0;0;0;0;0;0;0;0;0;0;0;0;0;0;0;0;0;0;0;0;0;0;0;0;0;0;0;0;0;0;0;0;0;0;0;0;0;0;0;000062;FALSO;SCARF ME - MATRIZ FSZ;SUDESTE;;;GRAVURA;ABAPORU C 09/25;LENÇO;CETIM DE SEDA;U7;90X90;LENÇOS;SCARFME;;PC;FALSO;CJ24243;;CHINA;;;PADRAO;;AZUL;FALSO;84,37;763,3;0,35;0,13;03;;;;;0;0;0;0;1;763,3;4;0;0;;;FEMININO
OSCAR FREIRE - FSZ;000062;13.71.0624;16/05/2026;04;154,34;1103,3;194,7;1;1;0;0;0;0;0;0;0;0;0;0;0;0;0;0;0;0;0;0;0;0;0;0;0;0;0;0;0;0;0;0;0;0;0;0;0;0;0;0;0;0;0;0;0;0;0;0;0;000062;FALSO;SCARF ME - MATRIZ FSZ;SUDESTE;;;BICHO;FAUNA C 12/25;LENÇO;CETIM DE SEDA;E9;110X110;LENÇOS;SCARFME;;PC;FALSO;CJ25148;;CHINA;;;PADRAO;;VERDE;FALSO;86,01;1103,3;0,5;0,13;04;;;;;0;0;0;0;1;1103,3;4;0;0;;;FEMININO
OSCAR FREIRE - FSZ;000062;13.71.0634;15/05/2026;03;121,28;707,52522;190,47478;1;1;0;0;0;0;0;0;0;0;0;0;0;0;0;0;0;0;0;0;0;0;0;0;0;0;0;0;0;0;0;0;0;0;0;0;0;0;0;0;0;0;0;0;0;0;0;0;0;000062;FALSO;SCARF ME - MATRIZ FSZ;SUDESTE;;;ABSTRATO;ALGODAO DOCE C 11/25;LENÇO;CETIM DE SEDA;X7;90X90;LENÇOS;SCARFME;;PC;FALSO;TH25131;;CHINA;;;PADRAO;;AZUL;FALSO;82,86;707,53;0,32;0,13;03;;;;;0;0;0;0;1;707,53;4;0;0;;;FEMININO
OSCAR FREIRE - FSZ;000062;13.71.0654;15/05/2026;04;119,34;707,52522;190,47478;1;1;0;0;0;0;0;0;0;0;0;0;0;0;0;0;0;0;0;0;0;0;0;0;0;0;0;0;0;0;0;0;0;0;0;0;0;0;0;0;0;0;0;0;0;0;0;0;0;000062;FALSO;SCARF ME - MATRIZ FSZ;SUDESTE;;;ARABESCO;ORIENTAL ASTRID C 01/26;LENÇO;CETIM DE SEDA;X15;90X90;LENÇOS;SCARFME;;PC;FALSO;TH25173-V1;;CHINA;;;PADRAO;;VERDE;FALSO;83,13;707,53;0,32;0,13;04;;;;;0;0;0;0;1;707,53;4;0;0;;;FEMININO
OSCAR FREIRE - FSZ;000062;13.71.0654;16/05/2026;04;119,34;763,3;134,7;1;1;0;0;0;0;0;0;0;0;0;0;0;0;0;0;0;0;0;0;0;0;0;0;0;0;0;0;0;0;0;0;0;0;0;0;0;0;0;0;0;0;0;0;0;0;0;0;0;000062;FALSO;SCARF ME - MATRIZ FSZ;SUDESTE;;;ARABESCO;ORIENTAL ASTRID C 01/26;LENÇO;CETIM DE SEDA;X15;90X90;LENÇOS;SCARFME;;PC;FALSO;TH25173-V1;;CHINA;;;PADRAO;;VERDE;FALSO;84,37;763,3;0,35;0,13;04;;;;;0;0;0;0;1;763,3;4;0;0;;;FEMININO
OSCAR FREIRE - FSZ;000062;13.71.0656;16/05/2026;H2;119,34;791,66782;106,33218;1;1;0;0;0;0;0;0;0;0;0;0;0;0;0;0;0;0;0;0;0;0;0;0;0;0;0;0;0;0;0;0;0;0;0;0;0;0;0;0;0;0;0;0;0;0;0;0;0;000062;FALSO;SCARF ME - MATRIZ FSZ;SUDESTE;;;ARABESCO;SOLARIO C 05/26;LENÇO;CETIM DE SEDA;X11;90X90;LENÇOS;SCARFME;;PC;FALSO;AM25215-V1/V2;;CHINA;;;PADRAO;;MARSALA;FALSO;84,93;791,67;0,36;0,13;H2;;;;;0;0;0;0;1;791,67;4;0;0;;;FEMININO
OSCAR FREIRE - FSZ;000062;13.71.0663;16/05/2026;04;119,34;668,71366;229,28634;1;1;0;0;0;0;0;0;0;0;0;0;0;0;0;0;0;0;0;0;0;0;0;0;0;0;0;0;0;0;0;0;0;0;0;0;0;0;0;0;0;0;0;0;0;0;0;0;0;000062;FALSO;SCARF ME - MATRIZ FSZ;SUDESTE;;;FIGURATIVO;A ONCA C 04/26;LENÇO;CETIM DE SEDA;X10;90X90;LENÇOS;SCARFME;;PC;FALSO;RG25177;;CHINA;;;PADRAO;;VERDE;FALSO;82,15;668,71;0,31;0,13;04;;;;;0;0;0;0;1;668,71;4;0;0;;;FEMININO
OSCAR FREIRE - FSZ;000062;13.71.0679;16/05/2026;13;146,72;879,82682;118,17318;1;1;0;0;0;0;0;0;0;0;0;0;0;0;0;0;0;0;0;0;0;0;0;0;0;0;0;0;0;0;0;0;0;0;0;0;0;0;0;0;0;0;0;0;0;0;0;0;0;000062;FALSO;SCARF ME - MATRIZ FSZ;SUDESTE;;;FLORAL;SOLARIO C 01/26;LENÇO;LÃ;X6;110X110;LENÇOS;SCARFME;;PC;FALSO;AM25215-V2;;CHINA;;;PADRAO;;OFF WHITE;FALSO;83,32;879,83;0,4;0,13;13;;;;;0;0;0;0;1;879,83;4;0;0;;;FEMININO
OSCAR FREIRE - FSZ;000062;13.71.0693;16/05/2026;03;119,34;791,66782;106,33218;1;1;0;0;0;0;0;0;0;0;0;0;0;0;0;0;0;0;0;0;0;0;0;0;0;0;0;0;0;0;0;0;0;0;0;0;0;0;0;0;0;0;0;0;0;0;0;0;0;000062;FALSO;SCARF ME - MATRIZ FSZ;SUDESTE;;;FIGURATIVO;NY + FLORES C 04/26;LENÇO;CETIM DE SEDA;X10;90X90;LENÇOS;SCARFME;;PC;FALSO;CJ25294 DOBLEFACE;;CHINA;;;PADRAO;;AZUL;FALSO;84,93;791,67;0,36;0,13;03;;;;;0;0;0;0;1;791,67;4;0;0;;;FEMININO
OSCAR FREIRE - FSZ;000062;13.71.0698;15/05/2026;03;111,28;679,57946;218,42054;1;1;0;0;0;0;0;0;0;0;0;0;0;0;0;0;0;0;0;0;0;0;0;0;0;0;0;0;0;0;0;0;0;0;0;0;0;0;0;0;0;0;0;0;0;0;0;0;0;000062;FALSO;SCARF ME - MATRIZ FSZ;SUDESTE;;;GRAVURA;DISTANCIA C 05/26;LENÇO;CETIM DE SEDA;U7;90X90;LENÇOS;SCARFME;;PC;FALSO;TH26007;;CHINA;;;PADRAO;;AZUL;FALSO;83,63;679,58;0,31;0,13;03;;;;;0;0;0;0;1;679,58;4;0;0;;;FEMININO
OSCAR FREIRE - FSZ;000062;13.71.0700;15/05/2026;03;184,56;1193,3742;362,6258;2;2;0;0;0;0;0;0;0;0;0;0;0;0;0;0;0;0;0;0;0;0;0;0;0;0;0;0;0;0;0;0;0;0;0;0;0;0;0;0;0;0;0;0;0;0;0;0;0;000062;FALSO;SCARF ME - MATRIZ FSZ;SUDESTE;;;BICHO;BRASILIDADE C 04/26;ECHARPE;MOUSSELINE DE SEDA;Y1;60X210;LENÇOS;SCARFME;;PC;FALSO;;;CHINA;;;PADRAO;;AZUL;FALSO;84,53;596,69;0,55;0,26;03;;;;;0;0;0;0;2;1193,37;4;0;0;;;FEMININO
OSCAR FREIRE - FSZ;000062;13.82.0209;16/05/2026;03;150,94;966,58166;331,41834;1;1;0;0;0;0;0;0;0;0;0;0;0;0;0;0;0;0;0;0;0;0;0;0;0;0;0;0;0;0;0;0;0;0;0;0;0;0;0;0;0;0;0;0;0;0;0;0;0;000062;FALSO;SCARF ME - MATRIZ FSZ;SUDESTE;;;FIGURATIVO;ESPANTALHO C 04/26;LENÇO;CETIM DE SEDA;X10;110X110;LENÇOS;SCARFME;;PC;FALSO;AM25206;;CHINA;;;PADRAO;;AZUL;FALSO;84,38;966,58;0,44;0,13;03;;;;;0;0;0;0;1;966,58;4;0;0;;;FEMININO
OSCAR FREIRE - FSZ;000062;13.B2.00B3;16/05/2026;03;146,72;743,18066;254,81934;1;1;0;0;0;0;0;0;0;0;0;0;0;0;0;0;0;0;0;0;0;0;0;0;0;0;0;0;0;0;0;0;0;0;0;0;0;0;0;0;0;0;0;0;0;0;0;0;0;000062;FALSO;SCARF ME - MATRIZ FSZ;SUDESTE;;;FIGURATIVO;NY C 04/26;LENÇO;LÃ;X10;110X110;LENÇOS;SCARFME;;PC;FALSO;AM25210-110;;CHINA;;;PADRAO;;AZUL;FALSO;80,26;743,18;0,34;0,13;03;;;;;0;0;0;0;1;743,18;4;0;0;;;FEMININO
OSCAR FREIRE - FSZ;000062;13.B2.00B4;16/05/2026;47;146,72;879,82682;118,17318;1;1;0;0;0;0;0;0;0;0;0;0;0;0;0;0;0;0;0;0;0;0;0;0;0;0;0;0;0;0;0;0;0;0;0;0;0;0;0;0;0;0;0;0;0;0;0;0;0;000062;FALSO;SCARF ME - MATRIZ FSZ;SUDESTE;;;FLORAL;DRACENA C 04/26;LENÇO;LÃ;X7;110X110;LENÇOS;SCARFME;;PC;FALSO;X;;CHINA;;;PADRAO;;PINK;FALSO;83,32;879,83;0,4;0,13;47;;;;;0;0;0;0;1;879,83;4;0;0;;;
OSCAR FREIRE - FSZ;000062;28.05.0076;15/05/2026;03;13,06;118;0;1;1;0;0;0;0;0;0;0;0;0;0;0;0;0;0;0;0;0;0;0;0;0;0;0;0;0;0;0;0;0;0;0;0;0;0;0;0;0;0;0;0;0;0;0;0;0;0;0;000062;FALSO;SCARF ME - MATRIZ FSZ;SUDESTE;;;GEOMETRICO;MODERN DUBAI PP ORGANIZADOR 10/24;ACESSÓRIOS;NECESSAIRE;T3;TAMANHO PP;ACESSÓRIOS;SCARFME;;PC;FALSO;;;SALETE CAJAMAR;;;PADRAO;;AZUL;FALSO;88,93;118;0,05;0,13;03;;;;;0;0;0;0;1;118;4;0;0;;;FEMININO
OSCAR FREIRE - FSZ;000062;28.05.0077;15/05/2026;03;39,19;198;0;1;1;0;0;0;0;0;0;0;0;0;0;0;0;0;0;0;0;0;0;0;0;0;0;0;0;0;0;0;0;0;0;0;0;0;0;0;0;0;0;0;0;0;0;0;0;0;0;0;000062;FALSO;SCARF ME - MATRIZ FSZ;SUDESTE;;;GEOMETRICO;MODERN DUBAI P ORGANIZADOR 10/24;ACESSÓRIOS;NECESSAIRE;T3;TAMANHO P;ACESSÓRIOS;SCARFME;;PC;FALSO;;;SALETE CAJAMAR;;;PADRAO;;AZUL;FALSO;80,21;198;0,09;0,13;03;;;;;0;0;0;0;1;198;4;0;0;;;FEMININO
OSCAR FREIRE - FSZ;000062;28.05.0078;15/05/2026;03;78,38;258;0;1;1;0;0;0;0;0;0;0;0;0;0;0;0;0;0;0;0;0;0;0;0;0;0;0;0;0;0;0;0;0;0;0;0;0;0;0;0;0;0;0;0;0;0;0;0;0;0;0;000062;FALSO;SCARF ME - MATRIZ FSZ;SUDESTE;;;GEOMETRICO;MODERN DUBAI M ORGANIZADOR 10/24;ACESSÓRIOS;NECESSAIRE;T3;TAMANHO M;ACESSÓRIOS;SCARFME;;PC;FALSO;;;SALETE CAJAMAR;;;PADRAO;;AZUL;FALSO;69,62;258;0,12;0,13;03;;;;;0;0;0;0;1;258;4;0;0;;;FEMININO
OSCAR FREIRE - FSZ;000062;28.05.0079;15/05/2026;03;130,63;357;0;1;1;0;0;0;0;0;0;0;0;0;0;0;0;0;0;0;0;0;0;0;0;0;0;0;0;0;0;0;0;0;0;0;0;0;0;0;0;0;0;0;0;0;0;0;0;0;0;0;000062;FALSO;SCARF ME - MATRIZ FSZ;SUDESTE;;;GEOMETRICO;MODERN DUBAI G ORGANIZADOR 10/24;ACESSÓRIOS;NECESSAIRE;T3;TAMANHO G;ACESSÓRIOS;SCARFME;;PC;FALSO;;;SALETE CAJAMAR;;;PADRAO;;AZUL;FALSO;63,41;357;0,16;0,13;03;;;;;0;0;0;0;1;357;4;0;0;;;FEMININO
OSCAR FREIRE - FSZ;000062;28.05.0110;16/05/2026;04;13,06;130,8;0;1;1;0;0;0;0;0;0;0;0;0;0;0;0;0;0;0;0;0;0;0;0;0;0;0;0;0;0;0;0;0;0;0;0;0;0;0;0;0;0;0;0;0;0;0;0;0;0;0;000062;FALSO;SCARF ME - MATRIZ FSZ;SUDESTE;;;FUN;ABAPORU PP ORGANIZADOR 08/25;ACESSÓRIOS;NECESSAIRE;U7;TAMANHO PP;ACESSÓRIOS;SCARFME;;PC;FALSO;;;SALETE CAJAMAR;;;PADRAO;;VERDE;FALSO;90,02;130,8;0,06;0,13;04;;;;;0;0;0;0;1;130,8;4;0;0;;;FEMININO
OSCAR FREIRE - FSZ;000062;28.10.0002;15/05/2026;06;48;0,048;0,012;6;6;0;0;0;0;0;0;0;0;0;0;0;0;0;0;0;0;0;0;0;0;0;0;0;0;0;0;0;0;0;0;0;0;0;0;0;0;0;0;0;0;0;0;0;0;0;0;0;000062;FALSO;SCARF ME - MATRIZ FSZ;SUDESTE;;;IMPRESSOS;LIVRO AMARRAÇÕES;IMPRESSOS;LIVRO;01;UNICO;PAPELARIA;SCARFME;;PC;FALSO;;;SALETE;;;PADRAO;;PRETO;FALSO;-95900;0,01;0;0,79;06;;;;;0;0;0;0;6;0,05;4;0;0;;;UNISSEX
OSCAR FREIRE - FSZ;000062;45.10.0020;15/05/2026;04;96,21;622,4;155,6;1;1;0;0;0;0;0;0;0;0;0;0;0;0;0;0;0;0;0;0;0;0;0;0;0;0;0;0;0;0;0;0;0;0;0;0;0;0;0;0;0;0;0;0;0;0;0;0;0;000062;FALSO;SCARF ME - MATRIZ FSZ;SUDESTE;;;DEGRADE;DEGRADE C12/22;ECHARPE;MOUSSELINE DE SEDA;24;60X210;LENÇOS;SCARFME;;PC;FALSO;972513;;CHINA;;;PADRAO;;VERDE;FALSO;84,54;622,4;0,28;0,13;04;;;;;0;0;0;0;1;622,4;4;0;0;;;FEMININO
OSCAR FREIRE - FSZ;000062;45.10.0020;15/05/2026;40;96,21;622,4;155,6;1;1;0;0;0;0;0;0;0;0;0;0;0;0;0;0;0;0;0;0;0;0;0;0;0;0;0;0;0;0;0;0;0;0;0;0;0;0;0;0;0;0;0;0;0;0;0;0;0;000062;FALSO;SCARF ME - MATRIZ FSZ;SUDESTE;;;DEGRADE;DEGRADE C12/22;ECHARPE;MOUSSELINE DE SEDA;24;60X210;LENÇOS;SCARFME;;PC;FALSO;972513;;CHINA;;;PADRAO;;MARINHO;FALSO;84,54;622,4;0,28;0,13;40;;;;;0;0;0;0;1;622,4;4;0;0;;;FEMININO
OSCAR FREIRE - FSZ;000062;45.10.0020;16/05/2026;06;96,21;778;0;1;1;0;0;0;0;0;0;0;0;0;0;0;0;0;0;0;0;0;0;0;0;0;0;0;0;0;0;0;0;0;0;0;0;0;0;0;0;0;0;0;0;0;0;0;0;0;0;0;000062;FALSO;SCARF ME - MATRIZ FSZ;SUDESTE;;;DEGRADE;DEGRADE C12/22;ECHARPE;MOUSSELINE DE SEDA;24;60X210;LENÇOS;SCARFME;;PC;FALSO;972513;;CHINA;;;PADRAO;;PRETO;FALSO;87,63;778;0,36;0,13;06;;;;;0;0;0;0;1;778;4;0;0;;;FEMININO
OSCAR FREIRE - FSZ;000062;45.10.0061;15/05/2026;107;96,21;622,4;155,6;1;1;0;0;0;0;0;0;0;0;0;0;0;0;0;0;0;0;0;0;0;0;0;0;0;0;0;0;0;0;0;0;0;0;0;0;0;0;0;0;0;0;0;0;0;0;0;0;0;000062;FALSO;SCARF ME - MATRIZ FSZ;SUDESTE;;;FLORAL;EMPODERE-SE C12/23;ECHARPE;MOUSSELINE DE SEDA;Q8;60X210;LENÇOS;SCARFME;;PC;FALSO;HE23016;;CHINA;;;PADRAO;;PRETO/OFF WHITE;FALSO;84,54;622,4;0,28;0,13;107;;;;;0;0;0;0;1;622,4;4;0;0;;;FEMININO
OSCAR FREIRE - FSZ;000062;45.10.0123;15/05/2026;03;96,21;638,4;159,6;1;1;0;0;0;0;0;0;0;0;0;0;0;0;0;0;0;0;0;0;0;0;0;0;0;0;0;0;0;0;0;0;0;0;0;0;0;0;0;0;0;0;0;0;0;0;0;0;0;000062;FALSO;SCARF ME - MATRIZ FSZ;SUDESTE;;;FIGURATIVO;BAILARINA CARAJA C 04/26;ECHARPE;MOUSSELINE DE SEDA;X10;60X210;LENÇOS;SCARFME;;PC;FALSO;CJ25293;;CHINA;;;PADRAO;;AZUL;FALSO;84,93;638,4;0,29;0,13;03;;;;;0;0;0;0;1;638,4;4;0;0;;;FEMININO
OSCAR FREIRE - FSZ;000062;45.10.0124;15/05/2026;04;96,64;638,4;159,6;1;1;0;0;0;0;0;0;0;0;0;0;0;0;0;0;0;0;0;0;0;0;0;0;0;0;0;0;0;0;0;0;0;0;0;0;0;0;0;0;0;0;0;0;0;0;0;0;0;000062;FALSO;SCARF ME - MATRIZ FSZ;SUDESTE;;;BICHO;FAUNA E FLORA BRASILEIRAS C 04/26;ECHARPE;MOUSSELINE DE SEDA;X10;60X210;LENÇOS;SCARFME;;PC;FALSO;;;CHINA;;;PADRAO;;VERDE;FALSO;84,86;638,4;0,29;0,13;04;;;;;0;0;0;0;1;638,4;4;0;0;;;FEMININO
OSCAR FREIRE - FSZ;000062;45.10.0125;15/05/2026;86;192,42;1250,4261;345,5739;2;2;0;0;0;0;0;0;0;0;0;0;0;0;0;0;0;0;0;0;0;0;0;0;0;0;0;0;0;0;0;0;0;0;0;0;0;0;0;0;0;0;0;0;0;0;0;0;0;000062;FALSO;SCARF ME - MATRIZ FSZ;SUDESTE;;;BICHO;MATA C 04/26;ECHARPE;MOUSSELINE DE SEDA;X10;60X210;LENÇOS;SCARFME;;PC;FALSO;RG25173;;CHINA;;;PADRAO;;AZUL/VERDE;FALSO;84,61;625,21;0,57;0,26;86;;;;;0;0;0;0;2;1250,43;4;0;0;;;FEMININO
OSCAR FREIRE - FSZ;000062;45.14.0040;16/05/2026;04;57,26;492;164;2;2;0;0;0;0;0;0;0;0;0;0;0;0;0;0;0;0;0;0;0;0;0;0;0;0;0;0;0;0;0;0;0;0;0;0;0;0;0;0;0;0;0;0;0;0;0;0;0;000062;FALSO;SCARF ME - MATRIZ FSZ;SUDESTE;;;FOLHAGEM;ALEGORIA 03/23;ECHARPE;MOUSSELINE DE POLIESTER;P1;45X210;LENÇOS;SCARFME;;PC;FALSO;;;SALETE CAJAMAR;;;PADRAO;;VERDE;FALSO;88,36;246;0,23;0,26;04;;;;;0;0;0;0;2;492;4;0;0;;;INDEFINIDO
OSCAR FREIRE - FSZ;000062;45.14.0084;16/05/2026;20;31,03;328;0;1;1;0;0;0;0;0;0;0;0;0;0;0;0;0;0;0;0;0;0;0;0;0;0;0;0;0;0;0;0;0;0;0;0;0;0;0;0;0;0;0;0;0;0;0;0;0;0;0;000062;FALSO;SCARF ME - MATRIZ FSZ;SUDESTE;;;PAISLEY;CHAPS WESTERN 11/24;ECHARPE;MOUSSELINE DE POLIESTER;T6;45X210;LENÇOS;SCARFME;;PC;FALSO;;;SALETE CAJAMAR;;;PADRAO;;BEGE;FALSO;90,54;328;0,15;0,13;20;;;;;0;0;0;0;1;328;4;0;0;;;FEMININO
OSCAR FREIRE - FSZ;000062;79.01.0001;15/05/2026;10;69,32;99;0;1;1;0;0;0;0;0;0;0;0;0;0;0;0;0;0;0;0;0;0;0;0;0;0;0;0;0;0;0;0;0;0;0;0;0;0;0;0;0;0;0;0;0;0;0;0;0;0;0;000062;FALSO;SCARF ME - MATRIZ FSZ;SUDESTE;;;FLORAL;DIFUSOR LUZ DA FLOR SCARF ME 12/25;DIFUSOR;VIDRO/ALCOOL;X5;UNICO;HOME;SCARFME;;PC;FALSO;;;SALETE CAJAMAR;;;PADRAO;;MULTICOLOR;FALSO;29,98;99;0,05;0,13;10;;;;;0;0;0;0;1;99;4;0;0;;;UNISSEX
OSCAR FREIRE - FSZ;000062;79.01.0002;15/05/2026;10;60,32;99;0;1;1;0;0;0;0;0;0;0;0;0;0;0;0;0;0;0;0;0;0;0;0;0;0;0;0;0;0;0;0;0;0;0;0;0;0;0;0;0;0;0;0;0;0;0;0;0;0;0;000062;FALSO;SCARF ME - MATRIZ FSZ;SUDESTE;;;FLORAL;SPRAY LUZ DA FLOR SCARF ME 12/25;DIVERSOS;DIVERSOS;X5;UNICO;HOME;SCARFME;;PC;FALSO;;;SALETE CAJAMAR;;;PADRAO;;MULTICOLOR;FALSO;39,07;99;0,05;0,13;10;;;;;0;0;0;0;1;99;4;0;0;;;UNISSEX
OSCAR FREIRE - FSZ;000062;85.03.0222;16/05/2026;08;5,3;99;0;1;1;0;0;0;0;0;0;0;0;0;0;0;0;0;0;0;0;0;0;0;0;0;0;0;0;0;0;0;0;0;0;0;0;0;0;0;0;0;0;0;0;0;0;0;0;0;0;0;000062;FALSO;SCARF ME - MATRIZ FSZ;SUDESTE;;;ANIMAL PRINT;JAGUATIRICA DO CERRADO 11/24;TWILLY;CETIM DE POLIESTER;T4;8X130;APROVEITAMENTO LENÇO;SCARFME;;PC;FALSO;;;SALETE CAJAMAR;;;PADRAO;;ROSA;FALSO;94,65;99;0,05;0,13;08;;;;;0;0;0;0;1;99;4;0;0;;;FEMININO
OSCAR FREIRE - FSZ;000062;85.03.0246;15/05/2026;03;5,3;132,36552;35,63448;1;1;0;0;0;0;0;0;0;0;0;0;0;0;0;0;0;0;0;0;0;0;0;0;0;0;0;0;0;0;0;0;0;0;0;0;0;0;0;0;0;0;0;0;0;0;0;0;0;000062;FALSO;SCARF ME - MATRIZ FSZ;SUDESTE;;;ABSTRATO;ORIENTAL ASTRID 04/26;TWILLY;CETIM DE POLIESTER;X15;8X130;APROVEITAMENTO LENÇO;SCARFME;;PC;FALSO;;;SALETE CAJAMAR;;;PADRAO;;AZUL;FALSO;96;132,37;0,06;0,13;03;;;;;0;0;0;0;1;132,37;4;0;0;;;
OSCAR FREIRE - FSZ;000062;85.03.0246;15/05/2026;08;5,3;99;0;1;1;0;0;0;0;0;0;0;0;0;0;0;0;0;0;0;0;0;0;0;0;0;0;0;0;0;0;0;0;0;0;0;0;0;0;0;0;0;0;0;0;0;0;0;0;0;0;0;000062;FALSO;SCARF ME - MATRIZ FSZ;SUDESTE;;;ABSTRATO;ORIENTAL ASTRID 04/26;TWILLY;CETIM DE POLIESTER;X15;8X130;APROVEITAMENTO LENÇO;SCARFME;;PC;FALSO;;;SALETE CAJAMAR;;;PADRAO;;ROSA;FALSO;94,65;99;0,05;0,13;08;;;;;0;0;0;0;1;99;4;0;0;;;
OSCAR FREIRE - FSZ;000062;85.03.0246;16/05/2026;03;5,3;122;0;1;1;0;0;0;0;0;0;0;0;0;0;0;0;0;0;0;0;0;0;0;0;0;0;0;0;0;0;0;0;0;0;0;0;0;0;0;0;0;0;0;0;0;0;0;0;0;0;0;000062;FALSO;SCARF ME - MATRIZ FSZ;SUDESTE;;;ABSTRATO;ORIENTAL ASTRID 04/26;TWILLY;CETIM DE POLIESTER;X15;8X130;APROVEITAMENTO LENÇO;SCARFME;;PC;FALSO;;;SALETE CAJAMAR;;;PADRAO;;AZUL;FALSO;95,66;122;0,06;0,13;03;;;;;0;0;0;0;1;122;4;0;0;;;
OSCAR FREIRE - FSZ;000062;85.03.0246;16/05/2026;08;5,3;74;0;1;1;0;0;0;0;0;0;0;0;0;0;0;0;0;0;0;0;0;0;0;0;0;0;0;0;0;0;0;0;0;0;0;0;0;0;0;0;0;0;0;0;0;0;0;0;0;0;0;000062;FALSO;SCARF ME - MATRIZ FSZ;SUDESTE;;;ABSTRATO;ORIENTAL ASTRID 04/26;TWILLY;CETIM DE POLIESTER;X15;8X130;APROVEITAMENTO LENÇO;SCARFME;;PC;FALSO;;;SALETE CAJAMAR;;;PADRAO;;ROSA;FALSO;92,84;74;0,03;0,13;08;;;;;0;0;0;0;1;74;4;0;0;;;
OSCAR FREIRE - FSZ;000062;85.03.120;15/05/2026;03;8,12;99;0;1;1;0;0;0;0;0;0;0;0;0;0;0;0;0;0;0;0;0;0;0;0;0;0;0;0;0;0;0;0;0;0;0;0;0;0;0;0;0;0;0;0;0;0;0;0;0;0;0;000062;FALSO;SCARF ME - MATRIZ FSZ;SUDESTE;;;GEOMETRICO;VITRAL PUCCI 12/19;TWILLY;CETIM DE POLIESTER;C9;8X130;APROVEITAMENTO LENÇO;SCARFME;;PC;FALSO;;;SALETE CAJAMAR;;;PADRAO;;AZUL;FALSO;91,8;99;0,05;0,13;03;;;;;0;0;0;0;1;99;4;0;0;;;FEMININO
OSCAR FREIRE - FSZ;000062;85.03.121;15/05/2026;10;5,3;0,0075677;0,0024323;1;1;0;0;0;0;0;0;0;0;0;0;0;0;0;0;0;0;0;0;0;0;0;0;0;0;0;0;0;0;0;0;0;0;0;0;0;0;0;0;0;0;0;0;0;0;0;0;0;000062;FALSO;SCARF ME - MATRIZ FSZ;SUDESTE;;;FOLHAGEM;NEIVA 12/20;TWILLY;CETIM DE POLIESTER;H6;8X130;APROVEITAMENTO LENÇO;SCARFME;;PC;FALSO;;;SALETE CAJAMAR;;;PADRAO;;MULTICOLOR;FALSO;-52900;0,01;0;0,13;10;;;;;0;0;0;0;1;0,01;4;0;0;;;FEMININO
OSCAR FREIRE - FSZ;000062;A3.43.0044;15/05/2026;14;10,47;0,008;0,002;1;1;0;0;0;0;0;0;0;0;0;0;0;0;0;0;0;0;0;0;0;0;0;0;0;0;0;0;0;0;0;0;0;0;0;0;0;0;0;0;0;0;0;0;0;0;0;0;0;000062;FALSO;SCARF ME - MATRIZ FSZ;SUDESTE;;;FLORAL;KIT DANI FERNANDES 04/26;KIT;LENÇO +  BODY SPLASH;X9;UNICO;LENÇOS;SCARFME;;PC;FALSO;;;SALETE CAJAMAR;;;PADRAO;;VINHO;FALSO;-104600;0,01;0;0,13;14;;;;;0;0;0;0;1;0,01;4;0;0;;;FEMININO
OSCAR FREIRE - FSZ;000062;I5.01.0002;16/05/2026;14;0,03;0,0263159;0,0036841;3;3;0;0;0;0;0;0;0;0;0;0;0;0;0;0;0;0;0;0;0;0;0;0;0;0;0;0;0;0;0;0;0;0;0;0;0;0;0;0;0;0;0;0;0;0;0;0;0;000062;FALSO;SCARF ME - MATRIZ FSZ;SUDESTE;;;VIDRO;VINHO FRIDA KAHLO 05/26;VINHO;GRAND CRU;X13;UNICO;PARCERIAS;SCARFME;;PC;FALSO;;;SALETE;;;PADRAO;;VINHO;FALSO;0;0,01;0;0,4;14;;;;;0;0;0;0;3;0,03;4;0;0;;;FEMININO
SCARF ME - HIGIENOPOLIS 2;000038;07.06.0002;15/05/2026;104;49,98;310,99976;17,00024;1;1;0;0;0;0;0;0;0;0;0;0;0;0;0;0;0;0;0;0;0;0;0;0;0;0;0;0;0;0;0;0;0;0;0;0;0;0;0;0;0;0;0;0;0;0;0;0;0;000038;FALSO;SCARF ME - MATRIZ FSZ;SUDESTE;;;LISO;PASHMINA LISA VISCOSE *;PASHMINA;VISCOSE (PASHMINA);48;70X180;PASHMINA;SCARFME;;PC;FALSO;;;LE SOUK;;;PADRAO;;VERDE BANDEIRA;FALSO;83,93;311;0,14;0,13;104;;;;;0;0;0;0;1;311;4;0;0;;;FEMININO
SCARF ME - HIGIENOPOLIS 2;000038;07.06.0002;15/05/2026;26;49,98;328;0;1;1;0;0;0;0;0;0;0;0;0;0;0;0;0;0;0;0;0;0;0;0;0;0;0;0;0;0;0;0;0;0;0;0;0;0;0;0;0;0;0;0;0;0;0;0;0;0;0;000038;FALSO;SCARF ME - MATRIZ FSZ;SUDESTE;;;LISO;PASHMINA LISA VISCOSE *;PASHMINA;VISCOSE (PASHMINA);48;70X180;PASHMINA;SCARFME;;PC;FALSO;;;LE SOUK;;;PADRAO;;CHOCOLATE;FALSO;84,76;328;0,15;0,13;26;;;;;0;0;0;0;1;328;4;0;0;;;FEMININO
SCARF ME - HIGIENOPOLIS 2;000038;07.06.0002;15/05/2026;B4;49,98;328;0;1;1;0;0;0;0;0;0;0;0;0;0;0;0;0;0;0;0;0;0;0;0;0;0;0;0;0;0;0;0;0;0;0;0;0;0;0;0;0;0;0;0;0;0;0;0;0;0;0;000038;FALSO;SCARF ME - MATRIZ FSZ;SUDESTE;;;LISO;PASHMINA LISA VISCOSE *;PASHMINA;VISCOSE (PASHMINA);48;70X180;PASHMINA;SCARFME;;PC;FALSO;;;LE SOUK;;;PADRAO;;VERDE MILITAR;FALSO;84,76;328;0,15;0,13;B4;;;;;0;0;0;0;1;328;4;0;0;;;FEMININO
SCARF ME - HIGIENOPOLIS 2;000038;07.06.0002;16/05/2026;06;49,98;328;0;1;1;0;0;0;0;0;0;0;0;0;0;0;0;0;0;0;0;0;0;0;0;0;0;0;0;0;0;0;0;0;0;0;0;0;0;0;0;0;0;0;0;0;0;0;0;0;0;0;000038;FALSO;SCARF ME - MATRIZ FSZ;SUDESTE;;;LISO;PASHMINA LISA VISCOSE *;PASHMINA;VISCOSE (PASHMINA);48;70X180;PASHMINA;SCARFME;;PC;FALSO;;;LE SOUK;;;PADRAO;;PRETO;FALSO;84,76;328;0,15;0,13;06;;;;;0;0;0;0;1;328;4;0;0;;;FEMININO
SCARF ME - HIGIENOPOLIS 2;000038;07.06.0002;16/05/2026;42;49,98;328;0;1;1;0;0;0;0;0;0;0;0;0;0;0;0;0;0;0;0;0;0;0;0;0;0;0;0;0;0;0;0;0;0;0;0;0;0;0;0;0;0;0;0;0;0;0;0;0;0;0;000038;FALSO;SCARF ME - MATRIZ FSZ;SUDESTE;;;LISO;PASHMINA LISA VISCOSE *;PASHMINA;VISCOSE (PASHMINA);48;70X180;PASHMINA;SCARFME;;PC;FALSO;;;LE SOUK;;;PADRAO;;NUDE;FALSO;84,76;328;0,15;0,13;42;;;;;0;0;0;0;1;328;4;0;0;;;FEMININO
SCARF ME - HIGIENOPOLIS 2;000038;07.06.0002;16/05/2026;94;49,98;328;0;1;1;0;0;0;0;0;0;0;0;0;0;0;0;0;0;0;0;0;0;0;0;0;0;0;0;0;0;0;0;0;0;0;0;0;0;0;0;0;0;0;0;0;0;0;0;0;0;0;000038;FALSO;SCARF ME - MATRIZ FSZ;SUDESTE;;;LISO;PASHMINA LISA VISCOSE *;PASHMINA;VISCOSE (PASHMINA);48;70X180;PASHMINA;SCARFME;;PC;FALSO;;;LE SOUK;;;PADRAO;;FENDI;FALSO;84,76;328;0,15;0,13;94;;;;;0;0;0;0;1;328;4;0;0;;;FEMININO
SCARF ME - HIGIENOPOLIS 2;000038;07.79.84;17/05/2026;I3;144,57;717,9959;180,0041;1;1;0;0;0;0;0;0;0;0;0;0;0;0;0;0;0;0;0;0;0;0;0;0;0;0;0;0;0;0;0;0;0;0;0;0;0;0;0;0;0;0;0;0;0;0;0;0;0;000038;FALSO;SCARF ME - MATRIZ FSZ;SUDESTE;;;FUN;CASHMERE ESPINHA DE PEIXE;PASHMINA;100% CASHMERE;90;70 X 200;INDIA;SCARFME;;PC;FALSO;;;SALETE CAJAMAR;;;PADRAO;;VINHO/PRETO;FALSO;79,86;718;0,33;0,13;I3;;;;;0;0;0;0;1;718;4;0;0;;;FEMININO
SCARF ME - HIGIENOPOLIS 2;000038;07.97.101;15/05/2026;L8;251,89;1348,18502;149,81498;1;1;0;0;0;0;0;0;0;0;0;0;0;0;0;0;0;0;0;0;0;0;0;0;0;0;0;0;0;0;0;0;0;0;0;0;0;0;0;0;0;0;0;0;0;0;0;0;0;000038;FALSO;SCARF ME - MATRIZ FSZ;SUDESTE;;;CASHMERE;CASHMERE BABY 03/20*;PASHMINA;100% CASHMERE;90;75X200;INDIA;SCARFME;;PC;FALSO;;;SALETE CAJAMAR;;;PADRAO;;CAQUI;FALSO;81,32;1348,19;0,62;0,13;L8;;;;;0;0;0;0;1;1348,19;4;0;0;;;FEMININO
SCARF ME - HIGIENOPOLIS 2;000038;07.97.101;16/05/2026;44;251,89;1497,98502;0,01498;1;1;0;0;0;0;0;0;0;0;0;0;0;0;0;0;0;0;0;0;0;0;0;0;0;0;0;0;0;0;0;0;0;0;0;0;0;0;0;0;0;0;0;0;0;0;0;0;0;000038;FALSO;SCARF ME - MATRIZ FSZ;SUDESTE;;;CASHMERE;CASHMERE BABY 03/20*;PASHMINA;100% CASHMERE;90;75X200;INDIA;SCARFME;;PC;FALSO;;;SALETE CAJAMAR;;;PADRAO;;ROSA CLARO;FALSO;83,18;1497,99;0,69;0,13;44;;;;;0;0;0;0;1;1497,99;4;0;0;;;FEMININO
SCARF ME - HIGIENOPOLIS 2;000038;13.46.0119;16/05/2026;M3;10,47;99,00016;48,99984;1;1;0;0;0;0;0;0;0;0;0;0;0;0;0;0;0;0;0;0;0;0;0;0;0;0;0;0;0;0;0;0;0;0;0;0;0;0;0;0;0;0;0;0;0;0;0;0;0;000038;FALSO;SCARF ME - MATRIZ FSZ;SUDESTE;;;FLORAL;FLOR FLAMINGO 02;LENÇO;CETIM DE POLIESTER;O3;50X50;APROVEITAMENTO LENÇO;SCARFME;;PC;FALSO;;;SALETE CAJAMAR;;;PADRAO;;LAVANDA;FALSO;89,42;99;0,05;0,13;M3;;;;;0;0;0;0;1;99;4;0;0;;;FEMININO
SCARF ME - HIGIENOPOLIS 2;000038;13.46.0120;15/05/2026;04;10,47;99,00016;48,99984;1;1;0;0;0;0;0;0;0;0;0;0;0;0;0;0;0;0;0;0;0;0;0;0;0;0;0;0;0;0;0;0;0;0;0;0;0;0;0;0;0;0;0;0;0;0;0;0;0;000038;FALSO;SCARF ME - MATRIZ FSZ;SUDESTE;;;FOLHAGEM;ALEGORIA 02/23;LENÇO;CETIM DE POLIESTER;P1;50X50;APROVEITAMENTO LENÇO;SCARFME;;PC;FALSO;;;SALETE CAJAMAR;;;PADRAO;;VERDE;FALSO;89,42;99;0,05;0,13;04;;;;;0;0;0;0;1;99;4;0;0;;;FEMININO
SCARF ME - HIGIENOPOLIS 2;000038;13.46.0130;16/05/2026;13;10,47;99;0;1;1;0;0;0;0;0;0;0;0;0;0;0;0;0;0;0;0;0;0;0;0;0;0;0;0;0;0;0;0;0;0;0;0;0;0;0;0;0;0;0;0;0;0;0;0;0;0;0;000038;FALSO;SCARF ME - MATRIZ FSZ;SUDESTE;;;FLORAL;MARBLE FLOWERS 04/23;LENÇO;CETIM DE POLIESTER;P5;50X50;APROVEITAMENTO LENÇO;SCARFME;;PC;FALSO;;;SALETE CAJAMAR;;;PADRAO;;OFF WHITE;FALSO;89,42;99;0,05;0,13;13;;;;;0;0;0;0;1;99;4;0;0;;;FEMININO
SCARF ME - HIGIENOPOLIS 2;000038;13.46.0130;16/05/2026;35;10,47;99;0;1;1;0;0;0;0;0;0;0;0;0;0;0;0;0;0;0;0;0;0;0;0;0;0;0;0;0;0;0;0;0;0;0;0;0;0;0;0;0;0;0;0;0;0;0;0;0;0;0;000038;FALSO;SCARF ME - MATRIZ FSZ;SUDESTE;;;FLORAL;MARBLE FLOWERS 04/23;LENÇO;CETIM DE POLIESTER;P5;50X50;APROVEITAMENTO LENÇO;SCARFME;;PC;FALSO;;;SALETE CAJAMAR;;;PADRAO;;BORDEAUX;FALSO;89,42;99;0,05;0,13;35;;;;;0;0;0;0;1;99;4;0;0;;;FEMININO
SCARF ME - HIGIENOPOLIS 2;000038;13.46.0134;17/05/2026;116;10,47;99,00016;48,99984;1;1;0;0;0;0;0;0;0;0;0;0;0;0;0;0;0;0;0;0;0;0;0;0;0;0;0;0;0;0;0;0;0;0;0;0;0;0;0;0;0;0;0;0;0;0;0;0;0;000038;FALSO;SCARF ME - MATRIZ FSZ;SUDESTE;;;GEOMETRICO;MODERN DUBAI TERROSO 04/23;LENÇO;CETIM DE POLIESTER;P5;50X50;APROVEITAMENTO LENÇO;SCARFME;;PC;FALSO;;;SALETE CAJAMAR;;;PADRAO;;TERRA;FALSO;89,42;99;0,05;0,13;116;;;;;0;0;0;0;1;99;4;0;0;;;FEMININO
SCARF ME - HIGIENOPOLIS 2;000038;13.46.0273;16/05/2026;05;10,47;99,00016;48,99984;1;1;0;0;0;0;0;0;0;0;0;0;0;0;0;0;0;0;0;0;0;0;0;0;0;0;0;0;0;0;0;0;0;0;0;0;0;0;0;0;0;0;0;0;0;0;0;0;0;000038;FALSO;SCARF ME - MATRIZ FSZ;SUDESTE;;;GEOMETRICO;GEOMETRICO CONCEITUAL 07/24;LENÇO;CETIM DE POLIESTER;R7;50X50;APROVEITAMENTO LENÇO;SCARFME;;PC;FALSO;;;SALETE CAJAMAR;;;PADRAO;;VERMELHO;FALSO;89,42;99;0,05;0,13;05;;;;;0;0;0;0;1;99;4;0;0;;;FEMININO
SCARF ME - HIGIENOPOLIS 2;000038;13.46.0434;15/05/2026;11;10,47;99,00016;48,99984;1;1;0;0;0;0;0;0;0;0;0;0;0;0;0;0;0;0;0;0;0;0;0;0;0;0;0;0;0;0;0;0;0;0;0;0;0;0;0;0;0;0;0;0;0;0;0;0;0;000038;FALSO;SCARF ME - MATRIZ FSZ;SUDESTE;;;PAISAGEM;ENTARDECER CARIOCA 02/26;LENÇO;CETIM DE POLIESTER;U5;50X50;APROVEITAMENTO LENÇO;SCARFME;;PC;FALSO;9C3380/600;;SALETE CAJAMAR;;;PADRAO;;LARANJA;FALSO;89,42;99;0,05;0,13;11;;;;;0;0;0;0;1;99;4;0;0;;;FEMININO
SCARF ME - HIGIENOPOLIS 2;000038;13.46.0434;17/05/2026;11;10,47;99,00016;48,99984;1;1;0;0;0;0;0;0;0;0;0;0;0;0;0;0;0;0;0;0;0;0;0;0;0;0;0;0;0;0;0;0;0;0;0;0;0;0;0;0;0;0;0;0;0;0;0;0;0;000038;FALSO;SCARF ME - MATRIZ FSZ;SUDESTE;;;PAISAGEM;ENTARDECER CARIOCA 02/26;LENÇO;CETIM DE POLIESTER;U5;50X50;APROVEITAMENTO LENÇO;SCARFME;;PC;FALSO;9C3380/600;;SALETE CAJAMAR;;;PADRAO;;LARANJA;FALSO;89,42;99;0,05;0,13;11;;;;;0;0;0;0;1;99;4;0;0;;;FEMININO
SCARF ME - HIGIENOPOLIS 2;000038;13.46.263;16/05/2026;10;20,94;198,00032;97,99968;2;2;0;0;0;0;0;0;0;0;0;0;0;0;0;0;0;0;0;0;0;0;0;0;0;0;0;0;0;0;0;0;0;0;0;0;0;0;0;0;0;0;0;0;0;0;0;0;0;000038;FALSO;SCARF ME - MATRIZ FSZ;SUDESTE;;;FOLHAGEM;NEIVA 12/20;LENÇO;CETIM DE POLIESTER;H6;50X50;APROVEITAMENTO LENÇO;SCARFME;;PC;FALSO;;;SALETE CAJAMAR;;;PADRAO;;MULTICOLOR;FALSO;89,42;99;0,09;0,26;10;;;;;0;0;0;0;2;198;4;0;0;;;FEMININO
SCARF ME - HIGIENOPOLIS 2;000038;13.47.0169;17/05/2026;09;96,21;778;0;1;1;0;0;0;0;0;0;0;0;0;0;0;0;0;0;0;0;0;0;0;0;0;0;0;0;0;0;0;0;0;0;0;0;0;0;0;0;0;0;0;0;0;0;0;0;0;0;0;000038;FALSO;SCARF ME - MATRIZ FSZ;SUDESTE;;;ABSTRATO;CACHARA C 01/26;LENÇO;MOUSSELINE DE SEDA;E9;60X210;LENÇOS;SCARFME;;PC;FALSO;CJ25094-60;;CHINA;;;PADRAO;;MARROM;FALSO;87,63;778;0,36;0,13;09;;;;;0;0;0;0;1;778;4;0;0;;;FEMININO
SCARF ME - HIGIENOPOLIS 2;000038;13.71.0094;15/05/2026;S3;18,46;297,99702;0,00298;2;2;0;0;0;0;0;0;0;0;0;0;0;0;0;0;0;0;0;0;0;0;0;0;0;0;0;0;0;0;0;0;0;0;0;0;0;0;0;0;0;0;0;0;0;0;0;0;0;000038;FALSO;SCARF ME - MATRIZ FSZ;SUDESTE;;;ANIMAL PRINT;BRASIL ANIMAL PRINT 22;LENÇO;CETIM DE SEDA;M9;40X40;APROVEITAMENTO LENÇO;SCARFME;;PC;FALSO;;;SALETE CAJAMAR;;;PADRAO;;VERDE/AMARELO;FALSO;93,81;149;0,14;0,26;S3;;;;;0;0;0;0;2;298;4;0;0;;;FEMININO
SCARF ME - HIGIENOPOLIS 2;000038;13.71.0393;16/05/2026;03;61,32;598;0;1;1;0;0;0;0;0;0;0;0;0;0;0;0;0;0;0;0;0;0;0;0;0;0;0;0;0;0;0;0;0;0;0;0;0;0;0;0;0;0;0;0;0;0;0;0;0;0;0;000038;FALSO;SCARF ME - MATRIZ FSZ;SUDESTE;;;FLORAL;GRAND MOSQUE C 08/24;LENÇO;CETIM DE SEDA;E9;65X65;LENÇOS;SCARFME;;PC;FALSO;HE23035-65;;CHINA;;;PADRAO;;AZUL;FALSO;89,75;598;0,27;0,13;03;;;;;0;0;0;0;1;598;4;0;0;;;FEMININO
SCARF ME - HIGIENOPOLIS 2;000038;13.71.0454;16/05/2026;40;74,53;898;0;1;1;0;0;0;0;0;0;0;0;0;0;0;0;0;0;0;0;0;0;0;0;0;0;0;0;0;0;0;0;0;0;0;0;0;0;0;0;0;0;0;0;0;0;0;0;0;0;0;000038;FALSO;SCARF ME - MATRIZ FSZ;SUDESTE;;;GEOMETRICO;FORMAS MODULAR C 11/24;LENÇO;CETIM DE SEDA;R7;90X90;LENÇOS;SCARFME;;PC;FALSO;CJ24052;;SALETE CAJAMAR;;;PADRAO;;MARINHO;FALSO;91,7;898;0,41;0,13;40;;;;;0;0;0;0;1;898;4;0;0;;;FEMININO
SCARF ME - HIGIENOPOLIS 2;000038;13.71.0485;15/05/2026;09;56,81;697,99302;0,00698;1;1;0;0;0;0;0;0;0;0;0;0;0;0;0;0;0;0;0;0;0;0;0;0;0;0;0;0;0;0;0;0;0;0;0;0;0;0;0;0;0;0;0;0;0;0;0;0;0;000038;FALSO;SCARF ME - MATRIZ FSZ;SUDESTE;;;PAISLEY;BANDANA TIE DYE 11/24;LENÇO;CETIM DE SEDA;T6;65X65;LENÇOS;SCARFME;;PC;FALSO;;;SALETE CAJAMAR;;;PADRAO;;MARROM;FALSO;91,86;697,99;0,32;0,13;09;;;;;0;0;0;0;1;697,99;4;0;0;;;FEMININO
SCARF ME - HIGIENOPOLIS 2;000038;13.71.0601;15/05/2026;03;61,32;697,99302;0,00698;1;1;0;0;0;0;0;0;0;0;0;0;0;0;0;0;0;0;0;0;0;0;0;0;0;0;0;0;0;0;0;0;0;0;0;0;0;0;0;0;0;0;0;0;0;0;0;0;0;000038;FALSO;SCARF ME - MATRIZ FSZ;SUDESTE;;;FUN;ROMANCE C 1925 08/25;LENÇO;CETIM DE SEDA;U7;65X65;LENÇOS;SCARFME;;PC;VERDADEIRO;AM25116;;CHINA;;;PADRAO;;AZUL;FALSO;91,21;697,99;0,32;0,13;03;;;;;0;0;0;0;1;697,99;4;0;0;;;FEMININO
SCARF ME - HIGIENOPOLIS 2;000038;13.71.0601;16/05/2026;03;61,32;619,9985;78,0015;1;1;0;0;0;0;0;0;0;0;0;0;0;0;0;0;0;0;0;0;0;0;0;0;0;0;0;0;0;0;0;0;0;0;0;0;0;0;0;0;0;0;0;0;0;0;0;0;0;000038;FALSO;SCARF ME - MATRIZ FSZ;SUDESTE;;;FUN;ROMANCE C 1925 08/25;LENÇO;CETIM DE SEDA;U7;65X65;LENÇOS;SCARFME;;PC;VERDADEIRO;AM25116;;CHINA;;;PADRAO;;AZUL;FALSO;90,11;620;0,28;0,13;03;;;;;0;0;0;0;1;620;4;0;0;;;FEMININO
SCARF ME - HIGIENOPOLIS 2;000038;13.71.0696;15/05/2026;13;146,72;998;0;1;1;0;0;0;0;0;0;0;0;0;0;0;0;0;0;0;0;0;0;0;0;0;0;0;0;0;0;0;0;0;0;0;0;0;0;0;0;0;0;0;0;0;0;0;0;0;0;0;000038;FALSO;SCARF ME - MATRIZ FSZ;SUDESTE;;;FLORAL;BANDANA GLORIOSA C 04/26;LENÇO;LÃ;T6;110X110;LENÇOS;SCARFME;;PC;FALSO;;;CHINA;;;PADRAO;;OFF WHITE;FALSO;85,3;998;0,46;0,13;13;;;;;0;0;0;0;1;998;4;0;0;;;FEMININO
SCARF ME - HIGIENOPOLIS 2;000038;13.71.0697;15/05/2026;13;111,28;738;0;1;1;0;0;0;0;0;0;0;0;0;0;0;0;0;0;0;0;0;0;0;0;0;0;0;0;0;0;0;0;0;0;0;0;0;0;0;0;0;0;0;0;0;0;0;0;0;0;0;000038;FALSO;SCARF ME - MATRIZ FSZ;SUDESTE;;;ABSTRATO;SILHUETAS C 05/26;LENÇO;CETIM DE SEDA;Y1;90X90;LENÇOS;SCARFME;;PC;FALSO;;;CHINA;;;PADRAO;;OFF WHITE;FALSO;84,92;738;0,34;0,13;13;;;;;0;0;0;0;1;738;4;0;0;;;UNISSEX
SCARF ME - HIGIENOPOLIS 2;000038;13.82.0209;15/05/2026;03;150,94;1298;0;1;1;0;0;0;0;0;0;0;0;0;0;0;0;0;0;0;0;0;0;0;0;0;0;0;0;0;0;0;0;0;0;0;0;0;0;0;0;0;0;0;0;0;0;0;0;0;0;0;000038;FALSO;SCARF ME - MATRIZ FSZ;SUDESTE;;;FIGURATIVO;ESPANTALHO C 04/26;LENÇO;CETIM DE SEDA;X10;110X110;LENÇOS;SCARFME;;PC;FALSO;AM25206;;CHINA;;;PADRAO;;AZUL;FALSO;88,37;1298;0,59;0,13;03;;;;;0;0;0;0;1;1298;4;0;0;;;FEMININO
SCARF ME - HIGIENOPOLIS 2;000038;13.B1.0090;15/05/2026;03;44,47;198;0;1;1;0;0;0;0;0;0;0;0;0;0;0;0;0;0;0;0;0;0;0;0;0;0;0;0;0;0;0;0;0;0;0;0;0;0;0;0;0;0;0;0;0;0;0;0;0;0;0;000038;FALSO;SCARF ME - MATRIZ FSZ;SUDESTE;;;GEOMETRICO;NAIPES 08/25;LENÇO;ALGODÃO;V4;65X65;LENÇOS;SCARFME;;PC;FALSO;9B9373/9B9371-300;;SALETE CAJAMAR;;;PADRAO;;AZUL;FALSO;77,54;198;0,09;0,13;03;;;;;0;0;0;0;1;198;4;0;0;;;FEMININO
SCARF ME - HIGIENOPOLIS 2;000038;45.10.0061;16/05/2026;107;96,21;778;0;1;1;0;0;0;0;0;0;0;0;0;0;0;0;0;0;0;0;0;0;0;0;0;0;0;0;0;0;0;0;0;0;0;0;0;0;0;0;0;0;0;0;0;0;0;0;0;0;0;000038;FALSO;SCARF ME - MATRIZ FSZ;SUDESTE;;;FLORAL;EMPODERE-SE C12/23;ECHARPE;MOUSSELINE DE SEDA;Q8;60X210;LENÇOS;SCARFME;;PC;FALSO;HE23016;;CHINA;;;PADRAO;;PRETO/OFF WHITE;FALSO;87,63;778;0,36;0,13;107;;;;;0;0;0;0;1;778;4;0;0;;;FEMININO
SCARF ME - HIGIENOPOLIS 2;000038;45.14.0029;15/05/2026;18;29,48;328;0;1;1;0;0;0;0;0;0;0;0;0;0;0;0;0;0;0;0;0;0;0;0;0;0;0;0;0;0;0;0;0;0;0;0;0;0;0;0;0;0;0;0;0;0;0;0;0;0;0;000038;FALSO;SCARF ME - MATRIZ FSZ;SUDESTE;;;BICHO;SILVESTRE 11/22;ECHARPE;MOUSSELINE DE POLIESTER;M9;45X210;LENÇOS;SCARFME;;PC;FALSO;;;SALETE CAJAMAR;;;PADRAO;;ROXO;FALSO;91,01;328;0,15;0,13;18;;;;;0;0;0;0;1;328;4;0;0;;;FEMININO
SCARF ME - HIGIENOPOLIS 2;000038;45.14.0081;16/05/2026;11;31,03;328;0;1;1;0;0;0;0;0;0;0;0;0;0;0;0;0;0;0;0;0;0;0;0;0;0;0;0;0;0;0;0;0;0;0;0;0;0;0;0;0;0;0;0;0;0;0;0;0;0;0;000038;FALSO;SCARF ME - MATRIZ FSZ;SUDESTE;;;ANIMAL PRINT;TEXTURAS DO CERRADO 11/24;ECHARPE;MOUSSELINE DE POLIESTER;T4;45X210;LENÇOS;SCARFME;;PC;FALSO;;;SALETE CAJAMAR;;;PADRAO;;LARANJA;FALSO;90,54;328;0,15;0,13;11;;;;;0;0;0;0;1;328;4;0;0;;;FEMININO
SCARF ME - HIGIENOPOLIS 2;000038;85.04.56;17/05/2026;H4;8,13;198;0;1;1;0;0;0;0;0;0;0;0;0;0;0;0;0;0;0;0;0;0;0;0;0;0;0;0;0;0;0;0;0;0;0;0;0;0;0;0;0;0;0;0;0;0;0;0;0;0;0;000038;FALSO;SCARF ME - MATRIZ FSZ;SUDESTE;;;POIS;POA 12/20;TWILLY;CETIM DE SEDA;H6;8X130;APROVEITAMENTO LENÇO;SCARFME;;PC;FALSO;;;SALETE CAJAMAR;;;PADRAO;;PRETO / AREIA;FALSO;95,89;198;0,09;0,13;H4;;;;;0;0;0;0;1;198;4;0;0;;;FEMININO
SCARF ME - HIGIENOPOLIS 2;000038;A3.44.0045;15/05/2026;01;0,02;0,0189998;0,0010002;2;2;0;0;0;0;0;0;0;0;0;0;0;0;0;0;0;0;0;0;0;0;0;0;0;0;0;0;0;0;0;0;0;0;0;0;0;0;0;0;0;0;0;0;0;0;0;0;0;000038;FALSO;SCARF ME - MATRIZ FSZ;SUDESTE;;;PERSONALILZADO;KIT GRAPE ZIEL 05/26;KIT;HIDRATANTE + OLEO;X13;UNICO;PROMOCIONAIS;SCARFME;;PC;FALSO;;;SALETE CAJAMAR;;;PADRAO;;BRANCO;FALSO;0;0,01;0;0,26;01;;;;;0;0;0;0;2;0,02;4;0;0;;;FEMININO
SCARF ME - HIGIENOPOLIS 2;000038;A3.44.0045;16/05/2026;01;0,01;0,0099999;0,0000001;1;1;0;0;0;0;0;0;0;0;0;0;0;0;0;0;0;0;0;0;0;0;0;0;0;0;0;0;0;0;0;0;0;0;0;0;0;0;0;0;0;0;0;0;0;0;0;0;0;000038;FALSO;SCARF ME - MATRIZ FSZ;SUDESTE;;;PERSONALILZADO;KIT GRAPE ZIEL 05/26;KIT;HIDRATANTE + OLEO;X13;UNICO;PROMOCIONAIS;SCARFME;;PC;FALSO;;;SALETE CAJAMAR;;;PADRAO;;BRANCO;FALSO;0;0,01;0;0,13;01;;;;;0;0;0;0;1;0,01;4;0;0;;;FEMININO
SCARF ME PAULISTA FFFR;000117;07.06.0002;15/05/2026;26;99,96;656;0;2;2;0;0;0;0;0;0;0;0;0;0;0;0;0;0;0;0;0;0;0;0;0;0;0;0;0;0;0;0;0;0;0;0;0;0;0;0;0;0;0;0;0;0;0;0;0;0;0;000117;VERDADEIRO;SCARF ME PAULISTA FFFR;SUDESTE;;;LISO;PASHMINA LISA VISCOSE *;PASHMINA;VISCOSE (PASHMINA);48;70X180;PASHMINA;SCARFME;;PC;FALSO;;;LE SOUK;;;PADRAO;;CHOCOLATE;FALSO;84,76;328;0,3;0,26;26;;;;;0;0;0;0;2;656;14;0;0;;;FEMININO
SCARF ME PAULISTA FFFR;000117;07.06.0002;15/05/2026;94;49,98;328;0;1;1;0;0;0;0;0;0;0;0;0;0;0;0;0;0;0;0;0;0;0;0;0;0;0;0;0;0;0;0;0;0;0;0;0;0;0;0;0;0;0;0;0;0;0;0;0;0;0;000117;VERDADEIRO;SCARF ME PAULISTA FFFR;SUDESTE;;;LISO;PASHMINA LISA VISCOSE *;PASHMINA;VISCOSE (PASHMINA);48;70X180;PASHMINA;SCARFME;;PC;FALSO;;;LE SOUK;;;PADRAO;;FENDI;FALSO;84,76;328;0,15;0,13;94;;;;;0;0;0;0;1;328;14;0;0;;;FEMININO
SCARF ME PAULISTA FFFR;000117;07.06.0002;15/05/2026;B2;49,98;328;0;1;1;0;0;0;0;0;0;0;0;0;0;0;0;0;0;0;0;0;0;0;0;0;0;0;0;0;0;0;0;0;0;0;0;0;0;0;0;0;0;0;0;0;0;0;0;0;0;0;000117;VERDADEIRO;SCARF ME PAULISTA FFFR;SUDESTE;;;LISO;PASHMINA LISA VISCOSE *;PASHMINA;VISCOSE (PASHMINA);48;70X180;PASHMINA;SCARFME;;PC;FALSO;;;LE SOUK;;;PADRAO;;CONCRETO;FALSO;84,76;328;0,15;0,13;B2;;;;;0;0;0;0;1;328;14;0;0;;;FEMININO
SCARF ME PAULISTA FFFR;000117;07.06.0002;15/05/2026;B4;49,98;328;0;1;1;0;0;0;0;0;0;0;0;0;0;0;0;0;0;0;0;0;0;0;0;0;0;0;0;0;0;0;0;0;0;0;0;0;0;0;0;0;0;0;0;0;0;0;0;0;0;0;000117;VERDADEIRO;SCARF ME PAULISTA FFFR;SUDESTE;;;LISO;PASHMINA LISA VISCOSE *;PASHMINA;VISCOSE (PASHMINA);48;70X180;PASHMINA;SCARFME;;PC;FALSO;;;LE SOUK;;;PADRAO;;VERDE MILITAR;FALSO;84,76;328;0,15;0,13;B4;;;;;0;0;0;0;1;328;14;0;0;;;FEMININO
SCARF ME PAULISTA FFFR;000117;07.06.0002;16/05/2026;06;49,98;328;0;1;1;0;0;0;0;0;0;0;0;0;0;0;0;0;0;0;0;0;0;0;0;0;0;0;0;0;0;0;0;0;0;0;0;0;0;0;0;0;0;0;0;0;0;0;0;0;0;0;000117;VERDADEIRO;SCARF ME PAULISTA FFFR;SUDESTE;;;LISO;PASHMINA LISA VISCOSE *;PASHMINA;VISCOSE (PASHMINA);48;70X180;PASHMINA;SCARFME;;PC;FALSO;;;LE SOUK;;;PADRAO;;PRETO;FALSO;84,76;328;0,15;0,13;06;;;;;0;0;0;0;1;328;14;0;0;;;FEMININO
SCARF ME PAULISTA FFFR;000117;07.06.0002;16/05/2026;38;49,98;328;0;1;1;0;0;0;0;0;0;0;0;0;0;0;0;0;0;0;0;0;0;0;0;0;0;0;0;0;0;0;0;0;0;0;0;0;0;0;0;0;0;0;0;0;0;0;0;0;0;0;000117;VERDADEIRO;SCARF ME PAULISTA FFFR;SUDESTE;;;LISO;PASHMINA LISA VISCOSE *;PASHMINA;VISCOSE (PASHMINA);48;70X180;PASHMINA;SCARFME;;PC;FALSO;;;LE SOUK;;;PADRAO;;PRATA;FALSO;84,76;328;0,15;0,13;38;;;;;0;0;0;0;1;328;14;0;0;;;FEMININO
SCARF ME PAULISTA FFFR;000117;07.06.0002;16/05/2026;42;49,98;328;0;1;1;0;0;0;0;0;0;0;0;0;0;0;0;0;0;0;0;0;0;0;0;0;0;0;0;0;0;0;0;0;0;0;0;0;0;0;0;0;0;0;0;0;0;0;0;0;0;0;000117;VERDADEIRO;SCARF ME PAULISTA FFFR;SUDESTE;;;LISO;PASHMINA LISA VISCOSE *;PASHMINA;VISCOSE (PASHMINA);48;70X180;PASHMINA;SCARFME;;PC;FALSO;;;LE SOUK;;;PADRAO;;NUDE;FALSO;84,76;328;0,15;0,13;42;;;;;0;0;0;0;1;328;14;0;0;;;FEMININO
SCARF ME PAULISTA FFFR;000117;07.06.0002;16/05/2026;C8;49,98;328;0;1;1;0;0;0;0;0;0;0;0;0;0;0;0;0;0;0;0;0;0;0;0;0;0;0;0;0;0;0;0;0;0;0;0;0;0;0;0;0;0;0;0;0;0;0;0;0;0;0;000117;VERDADEIRO;SCARF ME PAULISTA FFFR;SUDESTE;;;LISO;PASHMINA LISA VISCOSE *;PASHMINA;VISCOSE (PASHMINA);48;70X180;PASHMINA;SCARFME;;PC;FALSO;;;LE SOUK;;;PADRAO;;CHUMBO;FALSO;84,76;328;0,15;0,13;C8;;;;;0;0;0;0;1;328;14;0;0;;;FEMININO
SCARF ME PAULISTA FFFR;000117;07.80.0085;16/05/2026;22;46,95;328;0;1;1;0;0;0;0;0;0;0;0;0;0;0;0;0;0;0;0;0;0;0;0;0;0;0;0;0;0;0;0;0;0;0;0;0;0;0;0;0;0;0;0;0;0;0;0;0;0;0;000117;VERDADEIRO;SCARF ME PAULISTA FFFR;SUDESTE;;;LISOS;PASHMINA LISA C 08/25;PASHMINA;VISCOSE (PASHMINA);E9;70X210;PASHMINA;SCARFME;;PC;FALSO;CHINA;;SALETE CAJAMAR;;;PADRAO;;CREME;FALSO;85,69;328;0,15;0,13;22;;;;;0;0;0;0;1;328;14;0;0;;;FEMININO
SCARF ME PAULISTA FFFR;000117;07.A1.00A7;15/05/2026;71;61,53;403,2;0;1;1;0;0;0;0;0;0;0;0;0;0;0;0;0;0;0;0;0;0;0;0;0;0;0;0;0;0;0;0;0;0;0;0;0;0;0;0;0;0;0;0;0;0;0;0;0;0;0;000117;VERDADEIRO;SCARF ME PAULISTA FFFR;SUDESTE;;;LISO;PASHMINA EM ACRILICO 08/23;PASHMINA;100% ACRILICO;Q1;68X180;PASHMINA;SCARFME;;PC;FALSO;;;SALETE CAJAMAR;;;PADRAO;;TERRACOTA;FALSO;84,74;403,2;0,18;0,13;71;;;;;0;0;0;0;1;403,2;14;0;0;;;FEMININO
SCARF ME PAULISTA FFFR;000117;13.46.0123;16/05/2026;107;10,47;99,00016;48,99984;1;1;0;0;0;0;0;0;0;0;0;0;0;0;0;0;0;0;0;0;0;0;0;0;0;0;0;0;0;0;0;0;0;0;0;0;0;0;0;0;0;0;0;0;0;0;0;0;0;000117;VERDADEIRO;SCARF ME PAULISTA FFFR;SUDESTE;;;FLORAL;EMPODERE-SE 03/23;LENÇO;CETIM DE POLIESTER;O5;50X50;APROVEITAMENTO LENÇO;SCARFME;;PC;FALSO;;;SALETE CAJAMAR;;;PADRAO;;PRETO/OFF WHITE;FALSO;89,42;99;0,05;0,13;107;;;;;0;0;0;0;1;99;14;0;0;;;FEMININO
SCARF ME PAULISTA FFFR;000117;13.46.0132;16/05/2026;03;10,47;99,00016;48,99984;1;1;0;0;0;0;0;0;0;0;0;0;0;0;0;0;0;0;0;0;0;0;0;0;0;0;0;0;0;0;0;0;0;0;0;0;0;0;0;0;0;0;0;0;0;0;0;0;0;000117;VERDADEIRO;SCARF ME PAULISTA FFFR;SUDESTE;;;GEOMETRICO;MODERN DUBAI 04/23;LENÇO;CETIM DE POLIESTER;P5;50X50;APROVEITAMENTO LENÇO;SCARFME;;PC;FALSO;;;SALETE CAJAMAR;;;PADRAO;;AZUL;FALSO;89,42;99;0,05;0,13;03;;;;;0;0;0;0;1;99;14;0;0;;;FEMININO
SCARF ME PAULISTA FFFR;000117;13.46.0177;16/05/2026;10;33,32;338,01894;39,98106;1;1;0;0;0;0;0;0;0;0;0;0;0;0;0;0;0;0;0;0;0;0;0;0;0;0;0;0;0;0;0;0;0;0;0;0;0;0;0;0;0;0;0;0;0;0;0;0;0;000117;VERDADEIRO;SCARF ME PAULISTA FFFR;SUDESTE;;;BICHO;TIJUCA 08/23;LENÇO;CETIM DE POLIESTER;Q1;90X90;LENÇOS;SCARFME;;PC;FALSO;;;SALETE CAJAMAR;;;PADRAO;;MULTICOLOR;FALSO;90,14;338,02;0,15;0,13;10;;;;;0;0;0;0;1;338,02;14;0;0;;;FEMININO
SCARF ME PAULISTA FFFR;000117;13.46.0181;16/05/2026;10;33,32;378;0;1;1;0;0;0;0;0;0;0;0;0;0;0;0;0;0;0;0;0;0;0;0;0;0;0;0;0;0;0;0;0;0;0;0;0;0;0;0;0;0;0;0;0;0;0;0;0;0;0;000117;VERDADEIRO;SCARF ME PAULISTA FFFR;SUDESTE;;;BICHO;ESPIRITO SANTO 08/23;LENÇO;CETIM DE POLIESTER;Q1;90X90;LENÇOS;SCARFME;;PC;FALSO;;;SALETE CAJAMAR;;;PADRAO;;MULTICOLOR;FALSO;91,19;378;0,17;0,13;10;;;;;0;0;0;0;1;378;14;0;0;;;FEMININO
SCARF ME PAULISTA FFFR;000117;13.46.0313;17/05/2026;86;33,32;327,99816;50,00184;1;1;0;0;0;0;0;0;0;0;0;0;0;0;0;0;0;0;0;0;0;0;0;0;0;0;0;0;0;0;0;0;0;0;0;0;0;0;0;0;0;0;0;0;0;0;0;0;0;000117;VERDADEIRO;SCARF ME PAULISTA FFFR;SUDESTE;;;PADRONAGEM;OLHOS DE PROTECAO 12/24;LENÇO;CETIM DE POLIESTER;T5;90X90;LENÇOS;SCARFME;;PC;FALSO;;;SALETE CAJAMAR;;;PADRAO;;AZUL/VERDE;FALSO;89,84;328;0,15;0,13;86;;;;;0;0;0;0;1;328;14;0;0;;;FEMININO
SCARF ME PAULISTA FFFR;000117;13.46.0345;16/05/2026;05;33,32;398;0;1;1;0;0;0;0;0;0;0;0;0;0;0;0;0;0;0;0;0;0;0;0;0;0;0;0;0;0;0;0;0;0;0;0;0;0;0;0;0;0;0;0;0;0;0;0;0;0;0;000117;VERDADEIRO;SCARF ME PAULISTA FFFR;SUDESTE;;;GEOMETRICO;FERVO SAO PAULO 02/25;LENÇO;CETIM DE POLIESTER;U5;90X90;LENÇOS;SCARFME;;PC;FALSO;;;SALETE CAJAMAR;;;PADRAO;;VERMELHO;FALSO;91,63;398;0,18;0,13;05;;;;;0;0;0;0;1;398;14;0;0;;;FEMININO
SCARF ME PAULISTA FFFR;000117;13.46.0347;16/05/2026;22;33,32;355,90354;42,09646;1;1;0;0;0;0;0;0;0;0;0;0;0;0;0;0;0;0;0;0;0;0;0;0;0;0;0;0;0;0;0;0;0;0;0;0;0;0;0;0;0;0;0;0;0;0;0;0;0;000117;VERDADEIRO;SCARF ME PAULISTA FFFR;SUDESTE;;;FLORAL;PASSAPORTES DA ALEGRIA 02/25;LENÇO;CETIM DE POLIESTER;U5;90X90;LENÇOS;SCARFME;;PC;FALSO;;;SALETE CAJAMAR;;;PADRAO;;CREME;FALSO;90,64;355,9;0,16;0,13;22;;;;;0;0;0;0;1;355,9;14;0;0;;;FEMININO
SCARF ME PAULISTA FFFR;000117;13.46.0397;15/05/2026;06;33,32;378;0;1;1;0;0;0;0;0;0;0;0;0;0;0;0;0;0;0;0;0;0;0;0;0;0;0;0;0;0;0;0;0;0;0;0;0;0;0;0;0;0;0;0;0;0;0;0;0;0;0;000117;VERDADEIRO;SCARF ME PAULISTA FFFR;SUDESTE;;;GEOMETRICO;ROTEIRO SP 08/25;LENÇO;CETIM DE POLIESTER;V3;90X90;LENÇOS;SCARFME;;PC;FALSO;;;SALETE CAJAMAR;;;PADRAO;;PRETO;FALSO;91,19;378;0,17;0,13;06;;;;;0;0;0;0;1;378;14;0;0;;;UNISSEX
SCARF ME PAULISTA FFFR;000117;13.46.0427;15/05/2026;179;154,34;1298;0;1;1;0;0;0;0;0;0;0;0;0;0;0;0;0;0;0;0;0;0;0;0;0;0;0;0;0;0;0;0;0;0;0;0;0;0;0;0;0;0;0;0;0;0;0;0;0;0;0;000117;VERDADEIRO;SCARF ME PAULISTA FFFR;SUDESTE;;;GEOMETRICO;RACE BUTTERFLY 11/25;LENÇO;CETIM DE SEDA;X4;110X110;LENÇOS;SCARFME;;PC;FALSO;;;SALETE CAJAMAR;;;PADRAO;;PRETO/ BRANCO;FALSO;88,11;1298;0,59;0,13;179;;;;;0;0;0;0;1;1298;14;0;0;;;FEMININO
SCARF ME PAULISTA FFFR;000117;13.46.0432;16/05/2026;09;73,59;307,0968;90,9032;1;1;0;0;0;0;0;0;0;0;0;0;0;0;0;0;0;0;0;0;0;0;0;0;0;0;0;0;0;0;0;0;0;0;0;0;0;0;0;0;0;0;0;0;0;0;0;0;0;000117;VERDADEIRO;SCARF ME PAULISTA FFFR;SUDESTE;;;FIGURATIVO;ARVORE DA VIDA C 04/26;LENÇO;CETIM DE POLIESTER;X10;90X90;LENÇOS;SCARFME;;PC;FALSO;RG25175;;CHINA;;;PADRAO;;MARROM;FALSO;76,04;307,1;0,14;0,13;09;;;;;0;0;0;0;1;307,1;14;0;0;;;FEMININO
SCARF ME PAULISTA FFFR;000117;13.46.96;16/05/2026;10;10,47;148;0;1;1;0;0;0;0;0;0;0;0;0;0;0;0;0;0;0;0;0;0;0;0;0;0;0;0;0;0;0;0;0;0;0;0;0;0;0;0;0;0;0;0;0;0;0;0;0;0;0;000117;VERDADEIRO;SCARF ME PAULISTA FFFR;SUDESTE;;;PENAS;COCAR 12/19;LENÇO;CETIM DE POLIESTER;C9;50X50;APROVEITAMENTO LENÇO;SCARFME;;PC;VERDADEIRO;68071_VAR600;;SALETE CAJAMAR;;;PADRAO;;MULTICOLOR;FALSO;92,93;148;0,07;0,13;10;;;;;0;0;0;0;1;148;14;0;0;;;FEMININO
SCARF ME PAULISTA FFFR;000117;13.47.0177;15/05/2026;Y1;116,36;898;0;1;1;0;0;0;0;0;0;0;0;0;0;0;0;0;0;0;0;0;0;0;0;0;0;0;0;0;0;0;0;0;0;0;0;0;0;0;0;0;0;0;0;0;0;0;0;0;0;0;000117;VERDADEIRO;SCARF ME PAULISTA FFFR;SUDESTE;;;LISTRA;BRAVIO C 05/26;LENÇO;MOUSSELINE DE SEDA;E9;130X130;LENÇOS;SCARFME;;PC;FALSO;;;CHINA;;;PADRAO;;OFF WHITE/PRETO;FALSO;87,04;898;0,41;0,13;Y1;;;;;0;0;0;0;1;898;14;0;0;;;FEMININO
SCARF ME PAULISTA FFFR;000117;13.67.0092;16/05/2026;10;44,9;398;0;1;1;0;0;0;0;0;0;0;0;0;0;0;0;0;0;0;0;0;0;0;0;0;0;0;0;0;0;0;0;0;0;0;0;0;0;0;0;0;0;0;0;0;0;0;0;0;0;0;000117;VERDADEIRO;SCARF ME PAULISTA FFFR;SUDESTE;;;BICHO;ARARA AZUL 07/23;LENÇO;MOUSSELINE DE POLIESTER;P3;130X130;LENÇOS;SCARFME;;PC;FALSO;;;SALETE CAJAMAR;;;PADRAO;;MULTICOLOR;FALSO;88,72;398;0,18;0,13;10;;;;;0;0;0;0;1;398;14;0;0;;;FEMININO
SCARF ME PAULISTA FFFR;000117;13.71.0360;17/05/2026;21;9,23;149,00094;48,99906;1;1;0;0;0;0;0;0;0;0;0;0;0;0;0;0;0;0;0;0;0;0;0;0;0;0;0;0;0;0;0;0;0;0;0;0;0;0;0;0;0;0;0;0;0;0;0;0;0;000117;VERDADEIRO;SCARF ME PAULISTA FFFR;SUDESTE;;;FOLHAGEM;TROPICAL DIURNO 03/24;LENÇO;CETIM DE SEDA;R7;40X40;APROVEITAMENTO LENÇO;SCARFME;;PC;FALSO;;;SALETE CAJAMAR;;;PADRAO;;CORAL;FALSO;93,81;149;0,07;0,13;21;;;;;0;0;0;0;1;149;14;0;0;;;FEMININO
SCARF ME PAULISTA FFFR;000117;13.71.0578;15/05/2026;04;109,7;778;0;1;1;0;0;0;0;0;0;0;0;0;0;0;0;0;0;0;0;0;0;0;0;0;0;0;0;0;0;0;0;0;0;0;0;0;0;0;0;0;0;0;0;0;0;0;0;0;0;0;000117;VERDADEIRO;SCARF ME PAULISTA FFFR;SUDESTE;;;BICHO;SILHUETAS 11/25;LENÇO;MOUSSELINE DE SEDA;V9;60X210;LENÇOS;SCARFME;;PC;FALSO;;;SALETE CAJAMAR;;;PADRAO;;VERDE;FALSO;85,9;778;0,36;0,13;04;;;;;0;0;0;0;1;778;14;0;0;;;FEMININO
SCARF ME PAULISTA FFFR;000117;13.71.0592;16/05/2026;03;119,34;692,8968;205,1032;1;1;0;0;0;0;0;0;0;0;0;0;0;0;0;0;0;0;0;0;0;0;0;0;0;0;0;0;0;0;0;0;0;0;0;0;0;0;0;0;0;0;0;0;0;0;0;0;0;000117;VERDADEIRO;SCARF ME PAULISTA FFFR;SUDESTE;;;GRAVURA;ABAPORU C 09/25;LENÇO;CETIM DE SEDA;U7;90X90;LENÇOS;SCARFME;;PC;FALSO;CJ24243;;CHINA;;;PADRAO;;AZUL;FALSO;82,78;692,9;0,32;0,13;03;;;;;0;0;0;0;1;692,9;14;0;0;;;FEMININO
SCARF ME PAULISTA FFFR;000117;13.71.0656;16/05/2026;13;119,34;898;0;1;1;0;0;0;0;0;0;0;0;0;0;0;0;0;0;0;0;0;0;0;0;0;0;0;0;0;0;0;0;0;0;0;0;0;0;0;0;0;0;0;0;0;0;0;0;0;0;0;000117;VERDADEIRO;SCARF ME PAULISTA FFFR;SUDESTE;;;ARABESCO;SOLARIO C 05/26;LENÇO;CETIM DE SEDA;X11;90X90;LENÇOS;SCARFME;;PC;FALSO;AM25215-V1/V2;;CHINA;;;PADRAO;;OFF WHITE;FALSO;86,71;898;0,41;0,13;13;;;;;0;0;0;0;1;898;14;0;0;;;FEMININO
SCARF ME PAULISTA FFFR;000117;13.71.0689;16/05/2026;03;111,28;803,01854;94,98146;1;1;0;0;0;0;0;0;0;0;0;0;0;0;0;0;0;0;0;0;0;0;0;0;0;0;0;0;0;0;0;0;0;0;0;0;0;0;0;0;0;0;0;0;0;0;0;0;0;000117;VERDADEIRO;SCARF ME PAULISTA FFFR;SUDESTE;;;BICHO;MAPA DO BRASIL C 04/26;LENÇO;CETIM DE SEDA;Y1;90X90;LENÇOS;SCARFME;;PC;FALSO;;;CHINA;;;PADRAO;;AZUL;FALSO;86,14;803,02;0,37;0,13;03;;;;;0;0;0;0;1;803,02;14;0;0;;;FEMININO
SCARF ME PAULISTA FFFR;000117;13.71.150;16/05/2026;05;10,47;148;0;1;1;0;0;0;0;0;0;0;0;0;0;0;0;0;0;0;0;0;0;0;0;0;0;0;0;0;0;0;0;0;0;0;0;0;0;0;0;0;0;0;0;0;0;0;0;0;0;0;000117;VERDADEIRO;SCARF ME PAULISTA FFFR;SUDESTE;;;FOLHAGEM;JULIE 12/19;LENÇO;CETIM DE POLIESTER;C9;50X50;APROVEITAMENTO LENÇO;SCARFME;;PC;VERDADEIRO;68294_VAR600;;SALETE CAJAMAR;;;PADRAO;;VERMELHO;FALSO;92,93;148;0,07;0,13;05;;;;;0;0;0;0;1;148;14;0;0;;;FEMININO
SCARF ME PAULISTA FFFR;000117;13.71.313;17/05/2026;13;9,23;149,00094;48,99906;1;1;0;0;0;0;0;0;0;0;0;0;0;0;0;0;0;0;0;0;0;0;0;0;0;0;0;0;0;0;0;0;0;0;0;0;0;0;0;0;0;0;0;0;0;0;0;0;0;000117;VERDADEIRO;SCARF ME PAULISTA FFFR;SUDESTE;;;FOLHAGEM;LUEJI 03/22;LENÇO;CETIM DE SEDA;L6;40X40;APROVEITAMENTO LENÇO;SCARFME;;PC;FALSO;;;SALETE CAJAMAR;;;PADRAO;;OFF WHITE;FALSO;93,81;149;0,07;0,13;13;;;;;0;0;0;0;1;149;14;0;0;;;FEMININO
SCARF ME PAULISTA FFFR;000117;13.82.0209;17/05/2026;03;150,94;1074,12096;223,87904;1;1;0;0;0;0;0;0;0;0;0;0;0;0;0;0;0;0;0;0;0;0;0;0;0;0;0;0;0;0;0;0;0;0;0;0;0;0;0;0;0;0;0;0;0;0;0;0;0;000117;VERDADEIRO;SCARF ME PAULISTA FFFR;SUDESTE;;;FIGURATIVO;ESPANTALHO C 04/26;LENÇO;CETIM DE SEDA;X10;110X110;LENÇOS;SCARFME;;PC;FALSO;AM25206;;CHINA;;;PADRAO;;AZUL;FALSO;85,95;1074,12;0,49;0,13;03;;;;;0;0;0;0;1;1074,12;14;0;0;;;FEMININO
SCARF ME PAULISTA FFFR;000117;13.B2.00B3;17/05/2026;03;146,72;825,86496;172,13504;1;1;0;0;0;0;0;0;0;0;0;0;0;0;0;0;0;0;0;0;0;0;0;0;0;0;0;0;0;0;0;0;0;0;0;0;0;0;0;0;0;0;0;0;0;0;0;0;0;000117;VERDADEIRO;SCARF ME PAULISTA FFFR;SUDESTE;;;FIGURATIVO;NY C 04/26;LENÇO;LÃ;X10;110X110;LENÇOS;SCARFME;;PC;FALSO;AM25210-110;;CHINA;;;PADRAO;;AZUL;FALSO;82,23;825,86;0,38;0,13;03;;;;;0;0;0;0;1;825,86;14;0;0;;;FEMININO
SCARF ME PAULISTA FFFR;000117;28.07.0065;16/05/2026;47;34,78;117,374688;13,425312;1;1;0;0;0;0;0;0;0;0;0;0;0;0;0;0;0;0;0;0;0;0;0;0;0;0;0;0;0;0;0;0;0;0;0;0;0;0;0;0;0;0;0;0;0;0;0;0;0;000117;VERDADEIRO;SCARF ME PAULISTA FFFR;SUDESTE;;;FLORAL;CLUTCH TRANSVERSAL PONTO A PONTO 02/24;ACESSÓRIOS;BOLSA;Q2;UNICO;DESCONTINUADO;SCARFME;;PC;FALSO;;;SALETE CAJAMAR;;;PADRAO;;PINK;FALSO;70,37;117,37;0,05;0,13;47;;;;;0;0;0;0;1;117,37;14;0;0;;;FEMININO
SCARF ME PAULISTA FFFR;000117;45.05.10;16/05/2026;01;21,49;294,33408;33,66592;1;1;0;0;0;0;0;0;0;0;0;0;0;0;0;0;0;0;0;0;0;0;0;0;0;0;0;0;0;0;0;0;0;0;0;0;0;0;0;0;0;0;0;0;0;0;0;0;0;000117;VERDADEIRO;SCARF ME PAULISTA FFFR;SUDESTE;;;FLORAL;KENZO I17;ECHARPE;MOUSSELINE DE POLIESTER;41;45X210;LENÇOS;SCARFME;;PC;FALSO;;;SALETE CAJAMAR;;;PADRAO;;BRANCO;FALSO;92,7;294,33;0,13;0,13;01;;;;;0;0;0;0;1;294,33;14;0;0;;;FEMININO
SCARF ME PAULISTA FFFR;000117;45.14.0047;17/05/2026;10;28,62;328;0;1;1;0;0;0;0;0;0;0;0;0;0;0;0;0;0;0;0;0;0;0;0;0;0;0;0;0;0;0;0;0;0;0;0;0;0;0;0;0;0;0;0;0;0;0;0;0;0;0;000117;VERDADEIRO;SCARF ME PAULISTA FFFR;SUDESTE;;;ABSTRATO;PRAIA 04/23;ECHARPE;MOUSSELINE DE POLIESTER;O6;45X210;LENÇOS;SCARFME;;PC;FALSO;;;SALETE CAJAMAR;;;PADRAO;;MULTICOLOR;FALSO;91,27;328;0,15;0,13;10;;;;;0;0;0;0;1;328;14;0;0;;;FEMININO
SCARF ME PAULISTA FFFR;000117;45.14.0081;16/05/2026;11;31,03;267,41328;30,58672;1;1;0;0;0;0;0;0;0;0;0;0;0;0;0;0;0;0;0;0;0;0;0;0;0;0;0;0;0;0;0;0;0;0;0;0;0;0;0;0;0;0;0;0;0;0;0;0;0;000117;VERDADEIRO;SCARF ME PAULISTA FFFR;SUDESTE;;;ANIMAL PRINT;TEXTURAS DO CERRADO 11/24;ECHARPE;MOUSSELINE DE POLIESTER;T4;45X210;LENÇOS;SCARFME;;PC;FALSO;;;SALETE CAJAMAR;;;PADRAO;;LARANJA;FALSO;88,4;267,41;0,12;0,13;11;;;;;0;0;0;0;1;267,41;14;0;0;;;FEMININO
SCARF ME PAULISTA FFFR;000117;45.14.0082;16/05/2026;05;31,03;267,90056;60,09944;1;1;0;0;0;0;0;0;0;0;0;0;0;0;0;0;0;0;0;0;0;0;0;0;0;0;0;0;0;0;0;0;0;0;0;0;0;0;0;0;0;0;0;0;0;0;0;0;0;000117;VERDADEIRO;SCARF ME PAULISTA FFFR;SUDESTE;;;PAISLEY;BANDANA 11/24;ECHARPE;MOUSSELINE DE POLIESTER;T6;45X210;LENÇOS;SCARFME;;PC;FALSO;;;SALETE CAJAMAR;;;PADRAO;;VERMELHO;FALSO;88,42;267,9;0,12;0,13;05;;;;;0;0;0;0;1;267,9;14;0;0;;;FEMININO
SCARF ME PAULISTA FFFR;000117;45.14.0083;15/05/2026;11;31,03;328;0;1;1;0;0;0;0;0;0;0;0;0;0;0;0;0;0;0;0;0;0;0;0;0;0;0;0;0;0;0;0;0;0;0;0;0;0;0;0;0;0;0;0;0;0;0;0;0;0;0;000117;VERDADEIRO;SCARF ME PAULISTA FFFR;SUDESTE;;;ANIMAL PRINT;COWPRINT 11/24;ECHARPE;MOUSSELINE DE POLIESTER;T6;45X210;LENÇOS;SCARFME;;PC;FALSO;;;SALETE CAJAMAR;;;PADRAO;;LARANJA;FALSO;90,54;328;0,15;0,13;11;;;;;0;0;0;0;1;328;14;0;0;;;FEMININO
SCARF ME PAULISTA FFFR;000117;45.14.0092;16/05/2026;04;31,03;298;0;1;1;0;0;0;0;0;0;0;0;0;0;0;0;0;0;0;0;0;0;0;0;0;0;0;0;0;0;0;0;0;0;0;0;0;0;0;0;0;0;0;0;0;0;0;0;0;0;0;000117;VERDADEIRO;SCARF ME PAULISTA FFFR;SUDESTE;;;FLORAL;ACOLHER 03/25;ECHARPE;MOUSSELINE DE POLIESTER;U6;45X210;LENÇOS;SCARFME;;PC;FALSO;;;SALETE CAJAMAR;;;PADRAO;;VERDE;FALSO;89,59;298;0,14;0,13;04;;;;;0;0;0;0;1;298;14;0;0;;;FEMININO
SCARF ME PAULISTA FFFR;000117;45.14.0101;17/05/2026;08;33,11;327,9996;30,0004;1;1;0;0;0;0;0;0;0;0;0;0;0;0;0;0;0;0;0;0;0;0;0;0;0;0;0;0;0;0;0;0;0;0;0;0;0;0;0;0;0;0;0;0;0;0;0;0;0;000117;VERDADEIRO;SCARF ME PAULISTA FFFR;SUDESTE;;;ABSTRATO;LEVEZA QUE FICA 10/25;ECHARPE;MOUSSELINE DE POLIESTER;V6;45X210;LENÇOS;SCARFME;;PC;FALSO;;;SALETE CAJAMAR;;;PADRAO;;ROSA;FALSO;89,91;328;0,15;0,13;08;;;;;0;0;0;0;1;328;14;0;0;;;FEMININO
SCARF ME PAULISTA FFFR;000117;45.14.648;15/05/2026;10;29,48;295,2;32,8;1;1;0;0;0;0;0;0;0;0;0;0;0;0;0;0;0;0;0;0;0;0;0;0;0;0;0;0;0;0;0;0;0;0;0;0;0;0;0;0;0;0;0;0;0;0;0;0;0;000117;VERDADEIRO;SCARF ME PAULISTA FFFR;SUDESTE;;;ABSTRATO;BEATRIZ 05/22;ECHARPE;MOUSSELINE DE POLIESTER;M1;45X210;LENÇOS;SCARFME;;PC;FALSO;;;SALETE CAJAMAR;;;PADRAO;;MULTICOLOR;FALSO;90,01;295,2;0,14;0,13;10;;;;;0;0;0;0;1;295,2;14;0;0;;;FEMININO
SCARF ME PAULISTA FFFR;000117;79.01.0001;16/05/2026;10;69,32;177,05754;20,94246;1;1;0;0;0;0;0;0;0;0;0;0;0;0;0;0;0;0;0;0;0;0;0;0;0;0;0;0;0;0;0;0;0;0;0;0;0;0;0;0;0;0;0;0;0;0;0;0;0;000117;VERDADEIRO;SCARF ME PAULISTA FFFR;SUDESTE;;;FLORAL;DIFUSOR LUZ DA FLOR SCARF ME 12/25;DIFUSOR;VIDRO/ALCOOL;X5;UNICO;HOME;SCARFME;;PC;FALSO;;;SALETE CAJAMAR;;;PADRAO;;MULTICOLOR;FALSO;60,85;177,06;0,08;0,13;10;;;;;0;0;0;0;1;177,06;14;0;0;;;UNISSEX
SCARF ME PAULISTA FFFR;000117;85.03.0239;16/05/2026;20;5,3;120,88196;27,11804;1;1;0;0;0;0;0;0;0;0;0;0;0;0;0;0;0;0;0;0;0;0;0;0;0;0;0;0;0;0;0;0;0;0;0;0;0;0;0;0;0;0;0;0;0;0;0;0;0;000117;VERDADEIRO;SCARF ME PAULISTA FFFR;SUDESTE;;;GEOMETRICO;TRAMADO EM PALHA 11/25;TWILLY;CETIM DE POLIESTER;V9;8X130;APROVEITAMENTO LENÇO;SCARFME;;PC;FALSO;;;SALETE CAJAMAR;;;PADRAO;;BEGE;FALSO;95,62;120,88;0,06;0,13;20;;;;;0;0;0;0;1;120,88;14;0;0;;;FEMININO
SCARF ME PAULISTA FFFR;000117;85.03.0246;16/05/2026;08;5,3;137,21736;30,78264;1;1;0;0;0;0;0;0;0;0;0;0;0;0;0;0;0;0;0;0;0;0;0;0;0;0;0;0;0;0;0;0;0;0;0;0;0;0;0;0;0;0;0;0;0;0;0;0;0;000117;VERDADEIRO;SCARF ME PAULISTA FFFR;SUDESTE;;;ABSTRATO;ORIENTAL ASTRID 04/26;TWILLY;CETIM DE POLIESTER;X15;8X130;APROVEITAMENTO LENÇO;SCARFME;;PC;FALSO;;;SALETE CAJAMAR;;;PADRAO;;ROSA;FALSO;96,14;137,22;0,06;0,13;08;;;;;0;0;0;0;1;137,22;14;0;0;;;
SCARF ME PAULISTA FFFR;000117;85.04.0113;17/05/2026;13;46,37;149,00082;68,99918;1;1;0;0;0;0;0;0;0;0;0;0;0;0;0;0;0;0;0;0;0;0;0;0;0;0;0;0;0;0;0;0;0;0;0;0;0;0;0;0;0;0;0;0;0;0;0;0;0;000117;VERDADEIRO;SCARF ME PAULISTA FFFR;SUDESTE;;;ABSTRATO;SOLARIO OFF C 01/26;TWILLY;CETIM DE SEDA;X11;8X130;LENÇOS;SCARFME;;PC;FALSO;AM25216;;CHINA;;;PADRAO;;OFF WHITE;FALSO;68,88;149;0,07;0,13;13;;;;;0;0;0;0;1;149;14;0;0;;;FEMININO
SCARF ME PAULISTA FFFR;000117;85.04.0121;17/05/2026;09;8,13;149,00082;68,99918;1;1;0;0;0;0;0;0;0;0;0;0;0;0;0;0;0;0;0;0;0;0;0;0;0;0;0;0;0;0;0;0;0;0;0;0;0;0;0;0;0;0;0;0;0;0;0;0;0;000117;VERDADEIRO;SCARF ME PAULISTA FFFR;SUDESTE;;;GEOMETRICO;CHUVA DE VERAO 04/26;TWILLY;CETIM DE SEDA;X7;8X130;APROVEITAMENTO LENÇO;SCARFME;;PC;FALSO;;;SALETE;;;PADRAO;;MARROM;FALSO;94,54;149;0,07;0,13;09;;;;;0;0;0;0;1;149;14;0;0;;;FEMININO
SCARF ME PAULISTA FFFR;000117;A3.43.0044;16/05/2026;14;10,47;177,67728;20,32272;1;1;0;0;0;0;0;0;0;0;0;0;0;0;0;0;0;0;0;0;0;0;0;0;0;0;0;0;0;0;0;0;0;0;0;0;0;0;0;0;0;0;0;0;0;0;0;0;0;000117;VERDADEIRO;SCARF ME PAULISTA FFFR;SUDESTE;;;FLORAL;KIT DANI FERNANDES 04/26;KIT;LENÇO +  BODY SPLASH;X9;UNICO;LENÇOS;SCARFME;;PC;FALSO;;;SALETE CAJAMAR;;;PADRAO;;VINHO;FALSO;94,11;177,68;0,08;0,13;14;;;;;0;0;0;0;1;177,68;14;0;0;;;FEMININO
SCARF ME PAULISTA FFFR;000117;A3.44.0045;17/05/2026;01;0,01;0,0082752;0,0017248;1;1;0;0;0;0;0;0;0;0;0;0;0;0;0;0;0;0;0;0;0;0;0;0;0;0;0;0;0;0;0;0;0;0;0;0;0;0;0;0;0;0;0;0;0;0;0;0;0;000117;VERDADEIRO;SCARF ME PAULISTA FFFR;SUDESTE;;;PERSONALILZADO;KIT GRAPE ZIEL 05/26;KIT;HIDRATANTE + OLEO;X13;UNICO;PROMOCIONAIS;SCARFME;;PC;FALSO;;;SALETE CAJAMAR;;;PADRAO;;BRANCO;FALSO;0;0,01;0;0,13;01;;;;;0;0;0;0;1;0,01;14;0;0;;;FEMININO
SCARF ME PAULISTA FFFR;000117;I5.01.0002;15/05/2026;14;0,01;0,01;0;1;1;0;0;0;0;0;0;0;0;0;0;0;0;0;0;0;0;0;0;0;0;0;0;0;0;0;0;0;0;0;0;0;0;0;0;0;0;0;0;0;0;0;0;0;0;0;0;0;000117;VERDADEIRO;SCARF ME PAULISTA FFFR;SUDESTE;;;VIDRO;VINHO FRIDA KAHLO 05/26;VINHO;GRAND CRU;X13;UNICO;PARCERIAS;SCARFME;;PC;FALSO;;;SALETE;;;PADRAO;;VINHO;FALSO;0;0,01;0;0,13;14;;;;;0;0;0;0;1;0,01;14;0;0;;;FEMININO
VILLA LOBOS - LLL;000085;07.80.0085;17/05/2026;68;46,95;328;0;1;1;0;0;0;0;0;0;0;0;0;0;0;0;0;0;0;0;0;0;0;0;0;0;0;0;0;0;0;0;0;0;0;0;0;0;0;0;0;0;0;0;0;0;0;0;0;0;0;000085;VERDADEIRO;VILLA LOBOS - LLL;SUDESTE;;;LISOS;PASHMINA LISA C 08/25;PASHMINA;VISCOSE (PASHMINA);E9;70X210;PASHMINA;SCARFME;;PC;FALSO;CHINA;;SALETE CAJAMAR;;;PADRAO;;PETROLEO;FALSO;85,69;328;0,15;0,13;68;;;;;0;0;0;0;1;328;10;0;0;;;FEMININO
VILLA LOBOS - LLL;000085;13.46.0060;16/05/2026;04;33,32;378;0;1;1;0;0;0;0;0;0;0;0;0;0;0;0;0;0;0;0;0;0;0;0;0;0;0;0;0;0;0;0;0;0;0;0;0;0;0;0;0;0;0;0;0;0;0;0;0;0;0;000085;VERDADEIRO;VILLA LOBOS - LLL;SUDESTE;;;BICHO;ARARA RIO 08/22;LENÇO;CETIM DE POLIESTER;M4;90X90;LENÇOS;SCARFME;;PC;FALSO;;;SALETE CAJAMAR;;;PADRAO;;VERDE;FALSO;91,19;378;0,17;0,13;04;;;;;0;0;0;0;1;378;10;0;0;;;FEMININO
VILLA LOBOS - LLL;000085;13.46.0123;15/05/2026;107;10,47;99,00016;48,99984;1;1;0;0;0;0;0;0;0;0;0;0;0;0;0;0;0;0;0;0;0;0;0;0;0;0;0;0;0;0;0;0;0;0;0;0;0;0;0;0;0;0;0;0;0;0;0;0;0;000085;VERDADEIRO;VILLA LOBOS - LLL;SUDESTE;;;FLORAL;EMPODERE-SE 03/23;LENÇO;CETIM DE POLIESTER;O5;50X50;APROVEITAMENTO LENÇO;SCARFME;;PC;FALSO;;;SALETE CAJAMAR;;;PADRAO;;PRETO/OFF WHITE;FALSO;89,42;99;0,05;0,13;107;;;;;0;0;0;0;1;99;10;0;0;;;FEMININO
VILLA LOBOS - LLL;000085;13.46.0147;16/05/2026;06;33,32;378;0;1;1;0;0;0;0;0;0;0;0;0;0;0;0;0;0;0;0;0;0;0;0;0;0;0;0;0;0;0;0;0;0;0;0;0;0;0;0;0;0;0;0;0;0;0;0;0;0;0;000085;VERDADEIRO;VILLA LOBOS - LLL;SUDESTE;;;FLORAL;RAMOS DE PURPURA 06/23;LENÇO;CETIM DE POLIESTER;O9;90X90;LENÇOS;SCARFME;;PC;FALSO;;;SALETE CAJAMAR;;;PADRAO;;PRETO;FALSO;91,19;378;0,17;0,13;06;;;;;0;0;0;0;1;378;10;0;0;;;FEMININO
VILLA LOBOS - LLL;000085;13.46.0168;17/05/2026;10;33,32;378;0;1;1;0;0;0;0;0;0;0;0;0;0;0;0;0;0;0;0;0;0;0;0;0;0;0;0;0;0;0;0;0;0;0;0;0;0;0;0;0;0;0;0;0;0;0;0;0;0;0;000085;VERDADEIRO;VILLA LOBOS - LLL;SUDESTE;;;BICHO;PAVAO 07/23;LENÇO;CETIM DE POLIESTER;P3;90X90;LENÇOS;SCARFME;;PC;FALSO;;;SALETE CAJAMAR;;;PADRAO;;MULTICOLOR;FALSO;91,19;378;0,17;0,13;10;;;;;0;0;0;0;1;378;10;0;0;;;FEMININO
VILLA LOBOS - LLL;000085;13.46.0266;16/05/2026;01;33,32;359,1;18,9;1;1;0;0;0;0;0;0;0;0;0;0;0;0;0;0;0;0;0;0;0;0;0;0;0;0;0;0;0;0;0;0;0;0;0;0;0;0;0;0;0;0;0;0;0;0;0;0;0;000085;VERDADEIRO;VILLA LOBOS - LLL;SUDESTE;;;FLORAL;YASMIN FLORAL 06/24;LENÇO;CETIM DE POLIESTER;S3;90X90;LENÇOS;SCARFME;;PC;FALSO;;;SALETE CAJAMAR;;;PADRAO;;BRANCO;FALSO;90,72;359,1;0,16;0,13;01;;;;;0;0;0;0;1;359,1;10;0;0;;;FEMININO
VILLA LOBOS - LLL;000085;13.46.0336;16/05/2026;08;33,32;321,29244;56,70756;1;1;0;0;0;0;0;0;0;0;0;0;0;0;0;0;0;0;0;0;0;0;0;0;0;0;0;0;0;0;0;0;0;0;0;0;0;0;0;0;0;0;0;0;0;0;0;0;0;000085;VERDADEIRO;VILLA LOBOS - LLL;SUDESTE;;;FLORAL;INTENSIDADE 01/25;LENÇO;CETIM DE POLIESTER;R7;90X90;LENÇOS;SCARFME;;PC;FALSO;;;SALETE CAJAMAR;;;PADRAO;;ROSA;FALSO;89,63;321,29;0,15;0,13;08;;;;;0;0;0;0;1;321,29;10;0;0;;;FEMININO
VILLA LOBOS - LLL;000085;13.71.0214;15/05/2026;05;9,23;198;0;1;1;0;0;0;0;0;0;0;0;0;0;0;0;0;0;0;0;0;0;0;0;0;0;0;0;0;0;0;0;0;0;0;0;0;0;0;0;0;0;0;0;0;0;0;0;0;0;0;000085;VERDADEIRO;VILLA LOBOS - LLL;SUDESTE;;;FLORAL;MATA ATLANTICA 05/23;LENÇO;CETIM DE SEDA;O8;40X40;APROVEITAMENTO LENÇO;SCARFME;;PC;FALSO;;;SALETE CAJAMAR;;;PADRAO;;VERMELHO;FALSO;95,34;198;0,09;0,13;05;;;;;0;0;0;0;1;198;10;0;0;;;FEMININO
VILLA LOBOS - LLL;000085;13.71.0360;15/05/2026;21;9,23;198;0;1;1;0;0;0;0;0;0;0;0;0;0;0;0;0;0;0;0;0;0;0;0;0;0;0;0;0;0;0;0;0;0;0;0;0;0;0;0;0;0;0;0;0;0;0;0;0;0;0;000085;VERDADEIRO;VILLA LOBOS - LLL;SUDESTE;;;FOLHAGEM;TROPICAL DIURNO 03/24;LENÇO;CETIM DE SEDA;R7;40X40;APROVEITAMENTO LENÇO;SCARFME;;PC;FALSO;;;SALETE CAJAMAR;;;PADRAO;;CORAL;FALSO;95,34;198;0,09;0,13;21;;;;;0;0;0;0;1;198;10;0;0;;;FEMININO
VILLA LOBOS - LLL;000085;13.71.0448;16/05/2026;H2;74,53;868;0;1;1;0;0;0;0;0;0;0;0;0;0;0;0;0;0;0;0;0;0;0;0;0;0;0;0;0;0;0;0;0;0;0;0;0;0;0;0;0;0;0;0;0;0;0;0;0;0;0;000085;VERDADEIRO;VILLA LOBOS - LLL;SUDESTE;;;GEOMETRICO;PILAR C 11/24;LENÇO;CETIM DE SEDA;R7;90X90;LENÇOS;SCARFME;;PC;VERDADEIRO;CJ24141-V01/V02;;SALETE CAJAMAR;;;PADRAO;;MARSALA;FALSO;91,41;868;0,4;0,13;H2;;;;;0;0;0;0;1;868;10;0;0;;;FEMININO
VILLA LOBOS - LLL;000085;13.71.0634;16/05/2026;03;121,28;763,3;134,7;1;1;0;0;0;0;0;0;0;0;0;0;0;0;0;0;0;0;0;0;0;0;0;0;0;0;0;0;0;0;0;0;0;0;0;0;0;0;0;0;0;0;0;0;0;0;0;0;0;000085;VERDADEIRO;VILLA LOBOS - LLL;SUDESTE;;;ABSTRATO;ALGODAO DOCE C 11/25;LENÇO;CETIM DE SEDA;X7;90X90;LENÇOS;SCARFME;;PC;FALSO;TH25131;;CHINA;;;PADRAO;;AZUL;FALSO;84,11;763,3;0,35;0,13;03;;;;;0;0;0;0;1;763,3;10;0;0;;;FEMININO
VILLA LOBOS - LLL;000085;13.71.0661;16/05/2026;107;119,34;898;0;1;1;0;0;0;0;0;0;0;0;0;0;0;0;0;0;0;0;0;0;0;0;0;0;0;0;0;0;0;0;0;0;0;0;0;0;0;0;0;0;0;0;0;0;0;0;0;0;0;000085;VERDADEIRO;VILLA LOBOS - LLL;SUDESTE;;;FIGURATIVO;CABECA DE MOCA C 04/26;LENÇO;CETIM DE SEDA;X10;90X90;LENÇOS;SCARFME;;PC;FALSO;CJ25267;;CHINA;;;PADRAO;;PRETO/OFF WHITE;FALSO;86,71;898;0,41;0,13;107;;;;;0;0;0;0;1;898;10;0;0;;;FEMININO
VILLA LOBOS - LLL;000085;13.71.0676;16/05/2026;06;150,94;1298;0;1;1;0;0;0;0;0;0;0;0;0;0;0;0;0;0;0;0;0;0;0;0;0;0;0;0;0;0;0;0;0;0;0;0;0;0;0;0;0;0;0;0;0;0;0;0;0;0;0;000085;VERDADEIRO;VILLA LOBOS - LLL;SUDESTE;;;FIGURATIVO;RETRATO JOAO C 01/26;LENÇO;CETIM DE SEDA;X10;110X110;LENÇOS;SCARFME;;PC;FALSO;CJ25268;;CHINA;;;PADRAO;;PRETO;FALSO;88,37;1298;0,59;0,13;06;;;;;0;0;0;0;1;1298;10;0;0;;;FEMININO
VILLA LOBOS - LLL;000085;13.71.0693;16/05/2026;03;119,34;718,4;179,6;1;1;0;0;0;0;0;0;0;0;0;0;0;0;0;0;0;0;0;0;0;0;0;0;0;0;0;0;0;0;0;0;0;0;0;0;0;0;0;0;0;0;0;0;0;0;0;0;0;000085;VERDADEIRO;VILLA LOBOS - LLL;SUDESTE;;;FIGURATIVO;NY + FLORES C 04/26;LENÇO;CETIM DE SEDA;X10;90X90;LENÇOS;SCARFME;;PC;FALSO;CJ25294 DOBLEFACE;;CHINA;;;PADRAO;;AZUL;FALSO;83,39;718,4;0,33;0,13;03;;;;;0;0;0;0;1;718,4;10;0;0;;;FEMININO
VILLA LOBOS - LLL;000085;13.71.0696;16/05/2026;13;146,72;998;0;1;1;0;0;0;0;0;0;0;0;0;0;0;0;0;0;0;0;0;0;0;0;0;0;0;0;0;0;0;0;0;0;0;0;0;0;0;0;0;0;0;0;0;0;0;0;0;0;0;000085;VERDADEIRO;VILLA LOBOS - LLL;SUDESTE;;;FLORAL;BANDANA GLORIOSA C 04/26;LENÇO;LÃ;T6;110X110;LENÇOS;SCARFME;;PC;FALSO;;;CHINA;;;PADRAO;;OFF WHITE;FALSO;85,3;998;0,46;0,13;13;;;;;0;0;0;0;1;998;10;0;0;;;FEMININO
VILLA LOBOS - LLL;000085;13.71.0699;16/05/2026;03;111,28;763,3;134,7;1;1;0;0;0;0;0;0;0;0;0;0;0;0;0;0;0;0;0;0;0;0;0;0;0;0;0;0;0;0;0;0;0;0;0;0;0;0;0;0;0;0;0;0;0;0;0;0;0;000085;VERDADEIRO;VILLA LOBOS - LLL;SUDESTE;;;GRAVURA;O LAGO C 05/26;LENÇO;CETIM DE SEDA;U7;90X90;LENÇOS;SCARFME;;PC;FALSO;TH26008;;CHINA;;;PADRAO;;AZUL;FALSO;85,42;763,3;0,35;0,13;03;;;;;0;0;0;0;1;763,3;10;0;0;;;FEMININO
VILLA LOBOS - LLL;000085;85.03.0207;15/05/2026;03;5,3;99,00016;48,99984;1;1;0;0;0;0;0;0;0;0;0;0;0;0;0;0;0;0;0;0;0;0;0;0;0;0;0;0;0;0;0;0;0;0;0;0;0;0;0;0;0;0;0;0;0;0;0;0;0;000085;VERDADEIRO;VILLA LOBOS - LLL;SUDESTE;;;FLORAL;GRAND MOSQUE 01/24;TWILLY;CETIM DE POLIESTER;P5;8X130;APROVEITAMENTO LENÇO;SCARFME;;PC;FALSO;;;SALETE CAJAMAR;;;PADRAO;;AZUL;FALSO;94,65;99;0,05;0,13;03;;;;;0;0;0;0;1;99;10;0;0;;;FEMININO
VILLA LOBOS - LLL;000085;85.03.0234;15/05/2026;05;5,3;148;0;1;1;0;0;0;0;0;0;0;0;0;0;0;0;0;0;0;0;0;0;0;0;0;0;0;0;0;0;0;0;0;0;0;0;0;0;0;0;0;0;0;0;0;0;0;0;0;0;0;000085;VERDADEIRO;VILLA LOBOS - LLL;SUDESTE;;;GEOMETRICO;FERVO SAO PAULO 02/25;TWILLY;CETIM DE POLIESTER;U5;8X130;APROVEITAMENTO LENÇO;SCARFME;;PC;FALSO;;;SALETE CAJAMAR;;;PADRAO;;VERMELHO;FALSO;96,42;148;0,07;0,13;05;;;;;0;0;0;0;1;148;10;0;0;;;FEMININO
VILLA LOBOS - LLL;000085;85.04.0116;17/05/2026;03;36,85;149,00082;68,99918;1;1;0;0;0;0;0;0;0;0;0;0;0;0;0;0;0;0;0;0;0;0;0;0;0;0;0;0;0;0;0;0;0;0;0;0;0;0;0;0;0;0;0;0;0;0;0;0;0;000085;VERDADEIRO;VILLA LOBOS - LLL;SUDESTE;;;ABSTRATO;ALGODAO DOCE C 03/26;LENÇO;CETIM DE SEDA;X7;40X40;LENÇOS;SCARFME;;PC;FALSO;;;CHINA;;;PADRAO;;AZUL;FALSO;75,27;149;0,07;0,13;03;;;;;0;0;0;0;1;149;10;0;0;;;FEMININO
VILLA LOBOS - LLL;000085;85.04.0124;17/05/2026;04;8,13;149,00082;68,99918;1;1;0;0;0;0;0;0;0;0;0;0;0;0;0;0;0;0;0;0;0;0;0;0;0;0;0;0;0;0;0;0;0;0;0;0;0;0;0;0;0;0;0;0;0;0;0;0;0;000085;VERDADEIRO;VILLA LOBOS - LLL;SUDESTE;;;GEOMETRICO;FAVO 04/26;TWILLY;CETIM DE SEDA;X7;8X130;APROVEITAMENTO LENÇO;SCARFME;;PC;FALSO;;;SALETE;;;PADRAO;;VERDE;FALSO;94,54;149;0,07;0,13;04;;;;;0;0;0;0;1;149;10;0;0;;;FEMININO
VILLA LOBOS - LLL;000085;A3.43.0044;16/05/2026;14;10,47;358;0;1;1;0;0;0;0;0;0;0;0;0;0;0;0;0;0;0;0;0;0;0;0;0;0;0;0;0;0;0;0;0;0;0;0;0;0;0;0;0;0;0;0;0;0;0;0;0;0;0;000085;VERDADEIRO;VILLA LOBOS - LLL;SUDESTE;;;FLORAL;KIT DANI FERNANDES 04/26;KIT;LENÇO +  BODY SPLASH;X9;UNICO;LENÇOS;SCARFME;;PC;FALSO;;;SALETE CAJAMAR;;;PADRAO;;VINHO;FALSO;97,08;358;0,16;0,13;14;;;;;0;0;0;0;1;358;10;0;0;;;FEMININO
VILLA LOBOS - LLL;000085;I5.01.0002;16/05/2026;14;0,01;0,0084998;0,0015002;1;1;0;0;0;0;0;0;0;0;0;0;0;0;0;0;0;0;0;0;0;0;0;0;0;0;0;0;0;0;0;0;0;0;0;0;0;0;0;0;0;0;0;0;0;0;0;0;0;000085;VERDADEIRO;VILLA LOBOS - LLL;SUDESTE;;;VIDRO;VINHO FRIDA KAHLO 05/26;VINHO;GRAND CRU;X13;UNICO;PARCERIAS;SCARFME;;PC;FALSO;;;SALETE;;;PADRAO;;VINHO;FALSO;0;0,01;0;0,13;14;;;;;0;0;0;0;1;0,01;10;0;0;;;FEMININO
IGUATEMI SP - JJJ;000059;07.06.0002;16/05/2026;15;0;0;0;0;-1;0;0;0;0;0;0;0;0;0;0;0;0;0;0;0;0;0;0;0;0;0;0;0;0;0;0;0;0;0;0;0;0;0;0;0;0;0;0;0;0;0;0;0;0;0;0;0;000059;FALSO;SCARF ME - MATRIZ JJJ;SUDESTE;;;LISO;PASHMINA LISA VISCOSE *;PASHMINA;VISCOSE (PASHMINA);48;70X180;PASHMINA;SCARFME;;PC;FALSO;;;LE SOUK;;;PADRAO;;UVA;FALSO;84,76;0;-0,15;-0,13;;;;;;1;328;0;49,98;-1;-328;0;0;0;;;
IGUATEMI SP - JJJ;000059;07.06.0002;17/05/2026;26;0;0;0;0;-1;0;0;0;0;0;0;0;0;0;0;0;0;0;0;0;0;0;0;0;0;0;0;0;0;0;0;0;0;0;0;0;0;0;0;0;0;0;0;0;0;0;0;0;0;0;0;0;000059;FALSO;SCARF ME - MATRIZ JJJ;SUDESTE;;;LISO;PASHMINA LISA VISCOSE *;PASHMINA;VISCOSE (PASHMINA);48;70X180;PASHMINA;SCARFME;;PC;FALSO;;;LE SOUK;;;PADRAO;;CHOCOLATE;FALSO;84,76;0;-0,15;-0,13;;;;;;1;328;0;49,98;-1;-328;0;0;0;;;
IGUATEMI SP - JJJ;000059;13.46.0151;16/05/2026;42;0;0;0;0;-1;0;0;0;0;0;0;0;0;0;0;0;0;0;0;0;0;0;0;0;0;0;0;0;0;0;0;0;0;0;0;0;0;0;0;0;0;0;0;0;0;0;0;0;0;0;0;0;000059;FALSO;SCARF ME - MATRIZ JJJ;SUDESTE;;;FLORAL;RAMOS DE PURPURA 06/23;LENÇO;CETIM DE POLIESTER;O9;50X50;APROVEITAMENTO LENÇO;SCARFME;;PC;FALSO;;;SALETE CAJAMAR;;;PADRAO;;NUDE;FALSO;92,93;0;-0,07;-0,13;;;;;;1;148;0;10,47;-1;-148;0;0;0;;;
IGUATEMI SP - JJJ;000059;13.46.0306;15/05/2026;09;0;0;0;0;-1;0;0;0;0;0;0;0;0;0;0;0;0;0;0;0;0;0;0;0;0;0;0;0;0;0;0;0;0;0;0;0;0;0;0;0;0;0;0;0;0;0;0;0;0;0;0;0;000059;FALSO;SCARF ME - MATRIZ JJJ;SUDESTE;;;BICHO;GRAVATARIA 11/24;LENÇO;CETIM DE POLIESTER;T6;50X50;APROVEITAMENTO LENÇO;SCARFME;;PC;FALSO;;;SALETE CAJAMAR;;;PADRAO;;MARROM;FALSO;92,93;0;-0,07;-0,13;;;;;;1;148;0;10,47;-1;-148;0;0;0;;;
IGUATEMI SP - JJJ;000059;13.46.0350;16/05/2026;04;0;0;0;0;-1;0;0;0;0;0;0;0;0;0;0;0;0;0;0;0;0;0;0;0;0;0;0;0;0;0;0;0;0;0;0;0;0;0;0;0;0;0;0;0;0;0;0;0;0;0;0;0;000059;FALSO;SCARF ME - MATRIZ JJJ;SUDESTE;;;FLORAL;VOO ENCANTADOR 03/25;LENÇO;CETIM DE POLIESTER;U6;50X50;APROVEITAMENTO LENÇO;SCARFME;;PC;FALSO;;;SALETE CAJAMAR;;;PADRAO;;VERDE;FALSO;92,93;0;-0,07;-0,13;;;;;;1;148;0;10,47;-1;-148;0;0;0;;;
IGUATEMI SP - JJJ;000059;13.71.0375;15/05/2026;10;0;0;0;0;-1;0;0;0;0;0;0;0;0;0;0;0;0;0;0;0;0;0;0;0;0;0;0;0;0;0;0;0;0;0;0;0;0;0;0;0;0;0;0;0;0;0;0;0;0;0;0;0;000059;FALSO;SCARF ME - MATRIZ JJJ;SUDESTE;;;GRAVURA;SANTORINI POR DO SOL 05/24;LENÇO;CETIM DE SEDA;R10;40X40;DESCONTINUADO;SCARFME;;PC;FALSO;;;SALETE CAJAMAR;;;PADRAO;;MULTICOLOR;FALSO;92,23;0;-0,05;-0,13;;;;;;1;118,8;0;9,23;-1;-118,8;0;0;0;;;
IGUATEMI SP - JJJ;000059;45.14.0084;16/05/2026;20;0;0;0;0;-1;0;0;0;0;0;0;0;0;0;0;0;0;0;0;0;0;0;0;0;0;0;0;0;0;0;0;0;0;0;0;0;0;0;0;0;0;0;0;0;0;0;0;0;0;0;0;0;000059;FALSO;SCARF ME - MATRIZ JJJ;SUDESTE;;;PAISLEY;CHAPS WESTERN 11/24;ECHARPE;MOUSSELINE DE POLIESTER;T6;45X210;LENÇOS;SCARFME;;PC;FALSO;;;SALETE CAJAMAR;;;PADRAO;;BEGE;FALSO;90,54;0;-0,15;-0,13;;;;;;1;328;0;31,03;-1;-328;0;0;0;;;
MORUMBI - JJJ;000055;07.06.0002;17/05/2026;13;0;0;0;0;-1;0;0;0;0;0;0;0;0;0;0;0;0;0;0;0;0;0;0;0;0;0;0;0;0;0;0;0;0;0;0;0;0;0;0;0;0;0;0;0;0;0;0;0;0;0;0;0;000055;FALSO;SCARF ME - MATRIZ JJJ;SUDESTE;;;LISO;PASHMINA LISA VISCOSE *;PASHMINA;VISCOSE (PASHMINA);48;70X180;PASHMINA;SCARFME;;PC;FALSO;;;LE SOUK;;;PADRAO;;OFF WHITE;FALSO;84,76;0;-0,15;-0,13;;;;;;1;328;0;49,98;-1;-328;0;0;0;;;
MORUMBI - JJJ;000055;13.46.0124;17/05/2026;107;0;0;0;0;-1;0;0;0;0;0;0;0;0;0;0;0;0;0;0;0;0;0;0;0;0;0;0;0;0;0;0;0;0;0;0;0;0;0;0;0;0;0;0;0;0;0;0;0;0;0;0;0;000055;FALSO;SCARF ME - MATRIZ JJJ;SUDESTE;;;FLORAL;COLAR EMPODERE-SE 03/23;ACESSÓRIOS;COLAR;O5;UNICO;ACESSÓRIOS;SCARFME;;PC;FALSO;;;SALETE CAJAMAR;;;PADRAO;;PRETO/OFF WHITE;FALSO;66,78;0;-0,09;-0,13;;;;;;1;198;0;65,77;-1;-198;0;0;0;;;
MORUMBI - JJJ;000055;13.46.0130;17/05/2026;13;0;0;0;0;-1;0;0;0;0;0;0;0;0;0;0;0;0;0;0;0;0;0;0;0;0;0;0;0;0;0;0;0;0;0;0;0;0;0;0;0;0;0;0;0;0;0;0;0;0;0;0;0;000055;FALSO;SCARF ME - MATRIZ JJJ;SUDESTE;;;FLORAL;MARBLE FLOWERS 04/23;LENÇO;CETIM DE POLIESTER;P5;50X50;APROVEITAMENTO LENÇO;SCARFME;;PC;FALSO;;;SALETE CAJAMAR;;;PADRAO;;OFF WHITE;FALSO;92,93;0;-0,07;-0,13;;;;;;1;148;0;10,47;-1;-148;0;0;0;;;
MORUMBI - JJJ;000055;13.46.0260;15/05/2026;72;0;0;0;0;-1;0;0;0;0;0;0;0;0;0;0;0;0;0;0;0;0;0;0;0;0;0;0;0;0;0;0;0;0;0;0;0;0;0;0;0;0;0;0;0;0;0;0;0;0;0;0;0;000055;FALSO;SCARF ME - MATRIZ JJJ;SUDESTE;;;ANIMAL;GUARDIA DOS PORTAIS 06/24;LENÇO;CETIM DE POLIESTER;Q6;90X90;LENÇOS;SCARFME;;PC;FALSO;;;SALETE CAJAMAR;;;PADRAO;;TURQUESA;FALSO;91,63;0;-0,18;-0,13;;;;;;1;398;0;33,32;-1;-398;0;0;0;;;
MORUMBI - JJJ;000055;13.47.0161;17/05/2026;09;0;0;0;0;-1;0;0;0;0;0;0;0;0;0;0;0;0;0;0;0;0;0;0;0;0;0;0;0;0;0;0;0;0;0;0;0;0;0;0;0;0;0;0;0;0;0;0;0;0;0;0;0;000055;FALSO;SCARF ME - MATRIZ JJJ;SUDESTE;;;ABSTRATO;BOSQUE C 11/25;LENÇO;CETIM DE SEDA;X7;65X65;LENÇOS;SCARFME;;PC;FALSO;RG25148;;CHINA;;;PADRAO;;MARROM;FALSO;91,46;0;-0,32;-0,13;;;;;;1;698;0;59,62;-1;-698;0;0;0;;;
MORUMBI - JJJ;000055;13.71.0594;17/05/2026;05;0;0;0;0;-1;0;0;0;0;0;0;0;0;0;0;0;0;0;0;0;0;0;0;0;0;0;0;0;0;0;0;0;0;0;0;0;0;0;0;0;0;0;0;0;0;0;0;0;0;0;0;0;000055;FALSO;SCARF ME - MATRIZ JJJ;SUDESTE;;;GRAVURA;AUTORRETRATO C 09/25;LENÇO;CETIM DE SEDA;U7;65X65;LENÇOS;SCARFME;;PC;FALSO;AM25021;;CHINA;;;PADRAO;;VERMELHO;FALSO;91,21;0;-0,32;-0,13;;;;;;1;698;0;61,32;-1;-698;0;0;0;;;
MORUMBI - JJJ;000055;13.71.150;15/05/2026;05;0;0;0;0;-1;0;0;0;0;0;0;0;0;0;0;0;0;0;0;0;0;0;0;0;0;0;0;0;0;0;0;0;0;0;0;0;0;0;0;0;0;0;0;0;0;0;0;0;0;0;0;0;000055;FALSO;SCARF ME - MATRIZ JJJ;SUDESTE;;;FOLHAGEM;JULIE 12/19;LENÇO;CETIM DE POLIESTER;C9;50X50;APROVEITAMENTO LENÇO;SCARFME;;PC;VERDADEIRO;68294_VAR600;;SALETE CAJAMAR;;;PADRAO;;VERMELHO;FALSO;92,93;0;-0,07;-0,13;;;;;;1;148;0;10,47;-1;-148;0;0;0;;;
SCARF ME - HIGIENOPOLIS 2;000038;13.71.0632;16/05/2026;06;0;0;0;0;-1;0;0;0;0;0;0;0;0;0;0;0;0;0;0;0;0;0;0;0;0;0;0;0;0;0;0;0;0;0;0;0;0;0;0;0;0;0;0;0;0;0;0;0;0;0;0;0;000038;FALSO;SCARF ME - MATRIZ FSZ;SUDESTE;;;ABSTRATO;RABISCO C 11/25;LENÇO;CETIM DE SEDA;X7;90X90;LENÇOS;SCARFME;;PC;FALSO;CJ25243;;CHINA;;;PADRAO;;PRETO;FALSO;86,49;0;-0,41;-0,13;;;;;;1;898;0;121,28;-1;-898;0;0;0;;;
SCARF ME - HIGIENOPOLIS 2;000038;45.14.0055;16/05/2026;10;0;0;0;0;-1;0;0;0;0;0;0;0;0;0;0;0;0;0;0;0;0;0;0;0;0;0;0;0;0;0;0;0;0;0;0;0;0;0;0;0;0;0;0;0;0;0;0;0;0;0;0;0;000038;FALSO;SCARF ME - MATRIZ FSZ;SUDESTE;;;FOLHAGEM;PANTANAL 05/23;ECHARPE;MOUSSELINE DE POLIESTER;O8;45X210;LENÇOS;SCARFME;;PC;FALSO;;;SALETE CAJAMAR;;;PADRAO;;MULTICOLOR;FALSO;90,54;0;-0,15;-0,13;;;;;;1;328;0;31,03;-1;-328;0;0;0;;;
SCARF ME - HIGIENOPOLIS 2;000038;85.03.0239;17/05/2026;20;0;0;0;0;-1;0;0;0;0;0;0;0;0;0;0;0;0;0;0;0;0;0;0;0;0;0;0;0;0;0;0;0;0;0;0;0;0;0;0;0;0;0;0;0;0;0;0;0;0;0;0;0;000038;FALSO;SCARF ME - MATRIZ FSZ;SUDESTE;;;GEOMETRICO;TRAMADO EM PALHA 11/25;TWILLY;CETIM DE POLIESTER;V9;8X130;APROVEITAMENTO LENÇO;SCARFME;;PC;FALSO;;;SALETE CAJAMAR;;;PADRAO;;BEGE;FALSO;96,42;0;-0,07;-0,13;;;;;;1;148;0;5,3;-1;-148;0;0;0;;;
SCARF ME PAULISTA FFFR;000117;13.71.0214;16/05/2026;05;0;0;0;0;-1;0;0;0;0;0;0;0;0;0;0;0;0;0;0;0;0;0;0;0;0;0;0;0;0;0;0;0;0;0;0;0;0;0;0;0;0;0;0;0;0;0;0;0;0;0;0;0;000117;VERDADEIRO;SCARF ME PAULISTA FFFR;SUDESTE;;;FLORAL;MATA ATLANTICA 05/23;LENÇO;CETIM DE SEDA;O8;40X40;APROVEITAMENTO LENÇO;SCARFME;;PC;FALSO;;;SALETE CAJAMAR;;;PADRAO;;VERMELHO;FALSO;95,34;0;-0,09;-0,13;;;;;;1;198;0;9,23;-1;-198;0;0;0;;;
SCARF ME PAULISTA FFFR;000117;13.71.0360;16/05/2026;21;0;0;0;0;-1;0;0;0;0;0;0;0;0;0;0;0;0;0;0;0;0;0;0;0;0;0;0;0;0;0;0;0;0;0;0;0;0;0;0;0;0;0;0;0;0;0;0;0;0;0;0;0;000117;VERDADEIRO;SCARF ME PAULISTA FFFR;SUDESTE;;;FOLHAGEM;TROPICAL DIURNO 03/24;LENÇO;CETIM DE SEDA;R7;40X40;APROVEITAMENTO LENÇO;SCARFME;;PC;FALSO;;;SALETE CAJAMAR;;;PADRAO;;CORAL;FALSO;95,34;0;-0,09;-0,13;;;;;;1;198;0;9,23;-1;-198;0;0;0;;;
SCARF ME PAULISTA FFFR;000117;13.71.0603;16/05/2026;H5;0;0;0;0;-1;0;0;0;0;0;0;0;0;0;0;0;0;0;0;0;0;0;0;0;0;0;0;0;0;0;0;0;0;0;0;0;0;0;0;0;0;0;0;0;0;0;0;0;0;0;0;0;000117;VERDADEIRO;SCARF ME PAULISTA FFFR;SUDESTE;;;ARABESCO;PENAS C 11/25;LENÇO;CETIM DE SEDA;X4;90X90;LENÇOS;SCARFME;;PC;FALSO;CJ5219-V01 / V02;;SALETE CAJAMAR;;;PADRAO;;VERDE/OFF;FALSO;82,81;0;-0,41;-0,13;;;;;;1;898;0;154,34;-1;-898;0;0;0;;;
SCARF ME PAULISTA FFFR;000117;45.14.0087;15/05/2026;89;0;0;0;0;-1;0;0;0;0;0;0;0;0;0;0;0;0;0;0;0;0;0;0;0;0;0;0;0;0;0;0;0;0;0;0;0;0;0;0;0;0;0;0;0;0;0;0;0;0;0;0;0;000117;VERDADEIRO;SCARF ME PAULISTA FFFR;SUDESTE;;;PADRONAGEM;OLHOS DE PROTECAO 12/24;ECHARPE;MOUSSELINE DE POLIESTER;T5;45X210;LENÇOS;SCARFME;;PC;FALSO;;;SALETE CAJAMAR;;;PADRAO;;OFF WHITE/AZUL;FALSO;90,54;0;-0,15;-0,13;;;;;;1;328;0;31,03;-1;-328;0;0;0;;;
SCARF ME PAULISTA FFFR;000117;45.14.0092;17/05/2026;11;0;0;0;0;-1;0;0;0;0;0;0;0;0;0;0;0;0;0;0;0;0;0;0;0;0;0;0;0;0;0;0;0;0;0;0;0;0;0;0;0;0;0;0;0;0;0;0;0;0;0;0;0;000117;VERDADEIRO;SCARF ME PAULISTA FFFR;SUDESTE;;;FLORAL;ACOLHER 03/25;ECHARPE;MOUSSELINE DE POLIESTER;U6;45X210;LENÇOS;SCARFME;;PC;FALSO;;;SALETE CAJAMAR;;;PADRAO;;LARANJA;FALSO;89,59;0;-0,14;-0,13;;;;;;1;298;0;31,03;-1;-298;0;0;0;;;
VILLA LOBOS - LLL;000085;13.71.0677;16/05/2026;06;0;0;0;0;-1;0;0;0;0;0;0;0;0;0;0;0;0;0;0;0;0;0;0;0;0;0;0;0;0;0;0;0;0;0;0;0;0;0;0;0;0;0;0;0;0;0;0;0;0;0;0;0;000085;VERDADEIRO;VILLA LOBOS - LLL;SUDESTE;;;GEOMETRICO;RABISCO C 03/26;LENÇO;CETIM DE SEDA;X7;110X110;LENÇOS;SCARFME;;PC;FALSO;CJ25243;;CHINA;;;PADRAO;;PRETO;FALSO;88,06;0;-0,59;-0,13;;;;;;1;1298;0;154,92;-1;-1298;0;0;0;;;
